,outlierTimes,id
0,1298.0,Spanish Shrimp  Carriers
1,1269.0,12744
2,1185.0,143129355
3,1045.0,7775
4,1027.0,1017141
5,989.0,2591586
6,945.0,185040354
7,451.0,Faroe Islands Shrimp Shark
8,0.0,341411
9,0.0,21323516
10,0.0,èŠ’è™è¹victimèŠ’
11,0.0,èŠ’è™è¹perpetratorèŠ’
12,0.0,8561
13,0.0,William Bradley
14,0.0,Joseph Griffin
15,0.0,èŠ’è™è‰©èŠ’
16,0.0,853949688
17,0.0,650512
18,0.0,8
19,0.0,128692
20,0.0,172711
21,0.0,Jacob Caldwell
22,0.0,14253815
23,0.0,4369922c-ce1d-40ff-904c-1f6a3000bf6b
24,0.0,Saltwater Solitude GmbH & Co. KG
25,0.0,PRK
26,0.0,èŠ’è™è¹VikingèŠ’
27,0.0,506
28,0.0,4937447
29,0.0,èŠ’è™è¹regularèŠ’
30,0.0,2079436
31,0.0,Ann Daniels
32,0.0,Stephanie Mccormick MD
33,0.0,Lisa Clay
34,0.0,589
35,0.0,Elizabeth Welch
36,0.0,da0a7bbb-5bd1-42aa-bcc0-b8923d5c15d4
37,0.0,Eugene Ochoa
38,0.0,967900443
39,0.0,Lisa Jimenez
40,0.0,1
41,0.0,445a6124-4650-4e5a-83bb-a0e0b4040ee9
42,0.0,Martha Robbins
43,0.0,Don Hopkins
44,0.0,Joseph Gray
45,0.0,4
46,0.0,4975
47,0.0,7282284
48,0.0,0
49,0.0,Sean Vasquez
50,0.0,196159
51,0.0,755
52,0.0,860067396
53,0.0,664738735
54,0.0,290834957
55,0.0,Timothy Reeves
56,0.0,457009514
57,0.0,6043477
58,0.0,526269
59,0.0,Jason Cameron
60,0.0,77b46bc7-7e31-41a0-973c-e633011d21b0
61,0.0,7
62,0.0,35
63,0.0,6406040
64,0.0,Jamie Knox
65,0.0,Kristin Graham
66,0.0,99575926
67,0.0,72371354
68,0.0,55
69,0.0,766649
70,0.0,955425
71,0.0,132
72,0.0,8701038
73,0.0,9067
74,0.0,750975
75,1.0,3404599
76,1.0,85117949
77,0.0,3506021
78,0.0,348079
79,0.0,78
80,0.0,95
81,0.0,èŠ’è™è¹8èŠ’
82,0.0,èŠ’è™è¹refer
83,0.0,èŠ’è™è¹10èŠ’
84,0.0,Alyssa Huffman
85,0.0,245
86,0.0,300668979
87,0.0,èŠ’è™èµNoticesèŠ’è™è¶èŠ’
88,0.0,651
89,0.0,7845
90,0.0,265700083
91,0.0,47679
92,0.0,d0123474-8425-4ab0-90d5-175920158638
93,0.0,425887173
94,0.0,86597
95,0.0,405ab2a5-68f0-4304-ab94-24c7995a248e
96,0.0,44842
97,0.0,e2b334d9-4d51-40b2-a7b1-441b88400b75
98,0.0,68
99,0.0,610
100,0.0,4063
101,0.0,740523
102,0.0,Marine
103,0.0,255èŠ’è™è¯273
104,0.0,91dcf36d-dba8-41e8-a4cc-912981a27296
105,0.0,69150209
106,0.0,2
107,0.0,72
108,0.0,35881
109,0.0,06430a2c-805a-4a76-bbda-2a24c0c860d7
110,0.0,Derek Burke
111,0.0,490653
112,0.0,888
113,0.0,775298545
114,0.0,26676370
115,0.0,Viento Azul Harbor LLC Investment
116,0.0,Viking fishing
117,0.0,44956
118,0.0,3
119,0.0,5
120,0.0,0715f2ea-3d11-4eaa-a0c4-fb3290896531
121,0.0,77
122,0.0,Andrea Gibson
123,0.0,hours
124,0.0,7298083
125,0.0,21
126,0.0,6
127,0.0,Alexander Buchanan
128,0.0,Maria Mitchell
129,0.0,9
130,0.0,14bda3bb-9993-4265-97cc-1747808c144e
131,9.0,Amanda Mckenzie
132,8.0,8698
133,8.0,Claire Russell
134,8.0,964
135,8.0,Scott Medina
136,0.0,2262
137,0.0,93873119
138,0.0,Jeremy Cordova
139,0.0,602ea158-0519-47fc-badc-787721580418
140,0.0,Victoria Parks
141,0.0,St
142,0.0,e40c01a4-8ed5-400f-857d-31e7bd263e35
143,0.0,49494
144,0.0,551
145,0.0,Bryan Taylor
146,0.0,380
147,0.0,f20779bf-63b5-4ea4-bb5f-944bb9449bce
148,0.0,349
149,0.0,97453782
150,0.0,71835024
151,0.0,Anne Anderson
152,0.0,Brian Nelson
153,0.0,78590886
154,0.0,7209
155,0.0,79139
156,0.0,78135
157,0.0,5810
158,0.0,704138011
159,0.0,84616
160,0.0,66538530
161,0.0,12731
162,0.0,ee05a28e-82ba-4f1d-a60f-68797a422ada
163,0.0,82344
164,0.0,58
165,0.0,Cynthia Williams
166,0.0,Armed RobberyèŠ’
167,0.0,76
168,0.0,6731
169,0.0,83
170,0.0,Ms. Stephanie Rivera DDS
171,0.0,665
172,0.0,89772543
173,0.0,èŠ’è™è¹unregulatedèŠ’
174,0.0,aea12579-8802-4b2d-b432-fc35fe4d10d5
175,0.0,a7948099-0cab-4b80-8707-2ada931ac288
176,0.0,Michael Smith
177,0.0,Melanie Miller
178,0.0,12
179,0.0,27
180,0.0,Timothy Allen
181,0.0,Nathaniel Jimenez
182,0.0,3b728c8f-1eaa-4f16-8c63-d3bcffd437bb
183,0.0,Turkish Sword Buoy Incorporated Forwading
184,0.0,498817
185,0.0,2989
186,0.0,967
187,0.0,df42b319-be6a-4a2e-b11d-c4da7ecfc01c
188,0.0,185106
189,0.0,947
190,0.0,Gregory Ortiz
191,0.0,Michael Compton
192,0.0,4348721
193,0.0,USS Hershel
194,0.0,b20c0baf-8530-4a84-a5b6-8da324ebebdb
195,0.0,26
196,0.0,21538
197,0.0,860600018
198,0.0,237659945
199,0.0,Victoria Anderson
200,0.0,USCGC Spencer
201,0.0,WMEC
202,0.0,435054320
203,0.0,Cutter
204,0.0,f21800ca-b3c9-404b-8438-3d75ea84c409
205,0.0,1560
206,0.0,Sept
207,0.0,John Gonzalez
208,0.0,68703341
209,0.0,57
210,0.0,6046437
211,0.0,03b6c1a6-dcd8-462f-9a7e-bf9ea7e0a987
212,0.0,Act
213,0.0,9a651d73-d88f-4f9c-9497-7321ef575c6f
214,0.0,Natasha Phillips
215,0.0,36351742-aff4-4df7-a495-1f1f2c94127a
216,0.0,Dakota Hansen
217,0.0,301
218,0.0,James Best
219,0.0,9203
220,0.0,3878194
221,0.0,Amy Kent
222,0.0,ConventionèŠ’
223,0.0,months years
224,0.0,water fishing
225,0.0,monthsèŠ’
226,0.0,18
227,0.0,months
228,0.0,Emily Johnson
229,0.0,94
230,0.0,e85c691a-2adc-4094-8d29-5ea328486951
231,0.0,760079
232,0.0,3009706
233,0.0,41870892-4565-42cd-9374-8665d01e9aa9
234,0.0,Susan Erickson
235,0.0,80191
236,0.0,0f5fd4f9-1683-464e-9459-a4488de5064b
237,0.0,cookies
238,0.0,Ashley Davis
239,0.0,924
240,0.0,865275
241,0.0,449308
242,0.0,28
243,0.0,23777
244,0.0,518
245,0.0,426469
246,0.0,6064a564-2a82-44b7-8614-3a33f25e41ba
247,0.0,3cda9d0b-77af-4e85-bef8-e935ca55ea06
248,0.0,494197
249,0.0,200640636
250,0.0,23
251,0.0,144431
252,0.0,Debbie Daniel
253,25.0,png xi  Line
254,19.0,26261586
255,9.0,15910405
256,9.0,7361
257,3.0,85052185
258,1.0,48605
259,0.0,c73572b6-7b24-49e7-8f52-11cf8ec3c7d2
260,0.0,8412071
261,0.0,439861274
262,0.0,Brian Williams
263,0.0,908724
264,0.0,Jennifer Price
265,0.0,653505420
266,0.0,Kimberly Palmer
267,0.0,5848
268,0.0,15785056
269,0.0,733
270,0.0,277983365
271,0.0,Playa del Cielo Kga
272,0.0,26431
273,0.0,6d249c4d-1f62-4ab2-b107-8fd978f115c7
274,0.0,3785
275,0.0,164575
276,0.0,Spencer King
277,0.0,Dawn Oconnell
278,0.0,èŠ’è™è‰©
279,0.0,1396
280,0.0,235866056
281,0.0,d5b94ebc-e03a-438e-872b-a15db349a748
282,0.0,486
283,0.0,arts
284,0.0,98
285,0.0,Timothy Cuevas
286,0.0,Joshua Glover
287,0.0,Tara Villegas
288,0.0,Ashley Wiggins
289,0.0,49048884
290,0.0,9612243
291,0.0,Andrea Hansen
292,0.0,189
293,0.0,07
294,0.0,737205
295,0.0,April
296,0.0,5705060
297,0.0,959
298,0.0,Belgian Scallop Ltd. Liability Co
299,0.0,èŠ’è™è¹necessaryèŠ’
300,0.0,883320938
301,0.0,Ryan Williams
302,0.0,Colleen Everett
303,0.0,Brenda Gonzalez
304,0.0,2198
305,0.0,Clayton Rodgers
306,0.0,Randy Collins
307,0.0,41398ea8-d14a-4666-80e8-6a212684d871
308,0.0,Brandon Berger
309,0.0,40690
310,0.0,e836e8c3-a45e-4225-870d-d3e8dbc62c26
311,0.0,Jennifer Alvarez
312,0.0,Bryce Baker
313,0.0,743225
314,0.0,Norwegian Shrimp Ltd. Liability Co
315,0.0,Rajasthan Limited Liability Company
316,0.0,4783
317,0.0,Timothy Estrada
318,0.0,ten
319,0.0,e2816018-e01c-4eac-8dc5-e84aebc22cff
320,0.0,Vanessa Avila
321,0.0,529
322,0.0,47924922
323,0.0,49
324,0.0,12845006
325,0.0,9488645
326,0.0,Lauren Moore
327,0.0,èŠ’è™è¹localèŠ’
328,0.0,Leominster ProvincetownèŠ’
329,0.0,371bf15a-3000-499a-88e4-cc096b028ec7
330,0.0,913428
331,0.0,d7f220de-bba2-4965-9c15-3dd38ef5c3c7
332,0.0,fisheriesèŠ’
333,0.0,Mark Weiss
334,0.0,53073557
335,0.0,Jason Davis
336,0.0,34
337,0.0,Erin Bowen
338,0.0,Albert Thomas
339,0.0,31408
340,0.0,28064
341,0.0,Kyle Stanton
342,0.0,ae16dd9b-0271-4699-91bc-0ce6b69357c6
343,0.0,Mrs. Crystal Reyes
344,0.0,e31b2b9c-3197-4c2c-ac40-3c6711a4682b
345,0.0,5a52675e-1243-4244-ad55-85a06c4408de
346,0.0,Stephanie Hinton
347,0.0,8153f5cb-e1f7-49bb-91bb-24b3a296a40a
348,0.0,70873
349,0.0,Estrella de Mar Ltd. Liability Co
350,0.0,Ship2Report
351,0.0,90562
352,0.0,b28d568f-09b4-41bd-b04d-4cf255f1adc6
353,0.0,410
354,0.0,47562016
355,0.0,87940
356,0.0,5639000
357,0.0,5372
358,0.0,951093
359,0.0,86590543
360,0.0,Jonathan Smith
361,0.0,217fe70e-cc2d-4899-9127-e0a7da182699
362,0.0,Playa de la Luna Ltd. Corporation
363,0.0,304
364,0.0,672
365,0.0,02cd44a1-7945-40d9-b38f-56f70976582c
366,0.0,7950
367,0.0,44
368,0.0,41
369,0.0,2125
370,0.0,1076f239-831c-4c53-9134-484c8f2d5c73
371,0.0,Amy Wilson
372,0.0,9e2e5adf-b6aa-4e7f-9af1-a899ceccfba6
373,0.0,59
374,0.0,46510923
375,0.0,pilot
376,0.0,9699687
377,0.0,Mar del Oeste Pic
378,0.0,31
379,0.0,4526320
380,0.0,98748
381,0.0,50
382,0.0,5495
383,0.0,454
384,0.0,83818120
385,0.0,Mr. Gregory Brown
386,0.0,8327
387,0.0,222848436
388,0.0,Amphibious Warships
389,0.0,Brian Weber
390,0.0,weeks
391,0.0,40213337
392,0.0,cutters
393,0.0,Coast
394,0.0,7505050
395,0.0,Today
396,0.0,June year
397,0.0,8787
398,0.0,218
399,0.0,88149
400,0.0,175
401,0.0,Michael Nicholson
402,0.0,Andrea Peters
403,0.0,7691
404,0.0,98332
405,0.0,78565892
406,0.0,df365f60-c399-42f5-ad38-736145edef5e
407,0.0,4146760
408,0.0,812740593
409,0.0,Joshua Baker
410,0.0,4764109
411,0.0,761
412,0.0,a7d22b55-872d-4fc0-b1ea-935f63ce0d2a
413,0.0,water
414,0.0,èŠ’è™èµdevil vesselsèŠ’
415,0.0,Erik Johnson
416,0.0,Alexandria Wilson
417,0.0,9786
418,0.0,Stephanie Garner
419,0.0,è‰™è„è¼èŒ‚
420,0.0,è‰™e1PèŒ‚
421,39.0,è‰™e1PèŒ‚é©´è‰™PèŒ‚
422,57.0,è‰™PèŒ‚
423,222.0,è‰™é“†è¯èèŒ‚
424,331.0,è‰™XuèŒ‚
425,584.0,è‰™è„¼æ‹¢èŒ‚
426,713.0,è‰™8p
427,1008.0,è‰™k
428,1162.0,è‰™PjèŒ‚
429,1464.0,è‰™è„¼è³èŒ‚
430,1595.0,è‰™B
431,1890.0,è‰™lè„¼èºuèŒ‚
432,2036.0,iJPkèŒ‚
433,2308.0,è‰™5èŒ‚
434,2372.0,è‰™èŒ‚
435,2780.0,è‰™DdèŒ‚
436,3422.0,è„èèŒ‚
437,4253.0,è‰™gèŒ‚
438,5272.0,pèŒ‚é©´è‰™èŒ‚
439,6050.0,è‰™èŒ‚é©´è‰™èŒ‚
440,6380.0,KèŒ‚
441,6557.0,è‰™ièŒ‚
442,7047.0,qèŒ‚é©´è‰™å¯
443,7595.0,è‰™GuèŒ‚
444,7796.0,è‰™Pm6
445,8331.0,è‰™z
446,8588.0,è‰™NèŒ‚
447,9318.0,è‰™è„¦è®èŒ‚
448,9507.0,è‰™bjNnnèŒ‚
449,10188.0,è‰™LèŒ‚
450,10433.0,è‰™è„½
451,10147.0,è‰™5èŒ‚
452,9699.0,è„¡è›d
453,9182.0,LèŒ‚
454,8781.0,è‰™jOè„©
455,8085.0,è‰™Y
456,7612.0,è‰™nOèŒ‚
457,6918.0,NèŒ‚
458,6487.0,è‰™zèŒ‚
459,5691.0,è‰™X
460,5139.0,è‰™è„ªè‰—ipèŒ‚
461,4471.0,è‰™MSssèŒ‚
462,3915.0,è‰™x
463,3141.0,è‰™VèŒ‚
464,2454.0,è‰™UkèŒ‚
465,1828.0,è‰™mèŒ‚é©´è‰™dèŒ‚
466,1136.0,è‰™mè½èå„kèŒ‚
467,532.0,è‰™mè½èå„kèŒ‚é©´è‰™F1èŒ‚
468,123.0,è‰™F1èŒ‚
469,0.0,è‰™F1èŒ‚é©´è‰™F
470,0.0,Miguel Fisher
471,0.0,Last
472,0.0,Jeremy Norris
473,0.0,Dana Goodwin
474,0.0,897
475,0.0,5961c4ed-5c5b-40e4-b0ab-1e0217cb12c0
476,0.0,d3243667-8978-454b-917e-530ab514fcb0
477,0.0,2243528
478,0.0,693c9865-5633-40a1-bcb6-3f0dd68a41c4
479,0.0,544344
480,0.0,2056
481,0.0,95219
482,0.0,579919
483,0.0,Ocean Tuna
484,0.0,262157542
485,0.0,46194
486,0.0,826273
487,0.0,951
488,0.0,911
489,0.0,9204971
490,0.0,2230601
491,0.0,10
492,0.0,Explorer
493,0.0,Diana Brandt
494,0.0,Brandi Bowen
495,0.0,Taylor Chan
496,0.0,1a069318-6dc0-45d0-9948-7b846f61c201
497,0.0,79513661-4dbe-4797-a73a-e53177f7a4b3
498,0.0,Michele Henry
499,0.0,36295
500,0.0,a7a35f33-3e72-44f2-a51b-922e44da23bc
501,0.0,èŠ’è™èµartisanalèŠ’
502,0.0,èŠ’è™èµsubsistenceèŠ’
503,0.0,Jeremiah Delacruz
504,0.0,èŠ’è™èµsquids
505,0.0,èŠ’è™èµclams
506,0.0,Octopus
507,0.0,60253
508,0.0,109746
509,0.0,13015105
510,0.0,Ms. Jenna Gonzalez MD
511,0.0,37e46ce7-3cfa-4805-a254-5549adf19805
512,0.0,Scott Mays
513,0.0,b4caf8cd-dbc7-4c99-9f2b-de407274c08b
514,0.0,38b72863-eaf3-4270-a213-d9ddaee2c6cb
515,0.0,410af01b-a5fb-4d6c-946d-a48fea30332b
516,0.0,èŠ’è™èµSocioeconomic
517,1.0,553309
518,2.0,EBSCOhostèŠ’è™è°searched èŠ’è™èµoctopus
519,116.0,AND fisheryèŠ’
520,239.0,515270
521,659.0,09e2222b-c13c-4a94-b1d9-b79238be0788
522,992.0,artisanalèŠ’
523,1354.0,704
524,1633.0,Elizabeth Savage
525,1885.0,èŠ’è™èµoctopusèŠ’
526,2144.0,èŠ’è™èµcephalopodèŠ’
527,2567.0,cyaneaèŠ’
528,2676.0,mayaèŠ’
529,2685.0,Taylor Park
530,2348.0,èŠ’è™èµpolvoèŠ’
531,2170.0,èŠ’è™èµlivelihoodèŠ’
532,1827.0,Angela Wheeler
533,1576.0,Lisa Branch
534,1274.0,folkèŠ’
535,1027.0,èŠ’è™èµwomenèŠ’
536,788.0,èŠ’è™èµfisherèŠ’
537,520.0,managementèŠ’
538,211.0,èŠ’è™èµo
539,102.0,Adam Blankenship
540,1.0,èŠ’è™èµpoulpeèŠ’
541,1.0,Mr. Thomas Johnson DDS
542,0.0,scaleèŠ’
543,0.0,Costa del Mar Oyj Hijiki
544,0.0,Miss Jessica Baker DVM
545,0.0,Alonso-Fernè„™
546,0.0,4b6a1701-93c3-403c-bd2f-9684106e8bba
547,0.0,c1aeee2d-0030-4d85-b45c-ac3fd9887b98
548,0.0,Bu yu wang Plc Carriers
549,0.0,Jeffrey Yates
550,0.0,42aea61e-a98f-4528-9f30-51624ecf3957
551,0.0,1334578
552,0.0,7670
553,0.0,43
554,0.0,conjunction
555,0.0,OE23
556,0.0,3601920
557,0.0,435978092
558,0.0,Andres Cook
559,0.0,22a2062d-03d8-48c3-9e91-9e5930b8d29f
560,0.0,Tyler Guzman
561,0.0,ab195b55-453e-4436-ab0c-9f5660b4ec8c
562,0.0,Joseph Gonzales
563,0.0,Cindy Ritter
564,0.0,5441
565,0.0,199442
566,0.0,903
567,0.0,Erica Mitchell
568,0.0,829
569,0.0,995899
570,0.0,47249
571,0.0,23399545
572,0.0,621
573,0.0,europeansting
574,0.0,Jammu & Kashmir Ltd Family
575,0.0,7023
576,0.0,13863
577,0.0,James Smith MD
578,0.0,Brian Palmer
579,0.0,35683821
580,0.0,Morgan Bell
581,0.0,1465792
582,0.0,366
583,0.0,19386200
584,0.0,85946
585,0.0,172114
586,0.0,657
587,0.0,87339689
588,0.0,522017227
589,0.0,29
590,0.0,327481624
591,0.0,cf651b3c-4e21-458c-91c4-3cae2eb36bcb
592,0.0,17c99d9d-7049-4ebb-8a2a-f3d39cc42870
593,0.0,760402
594,0.0,Sarah Clark
595,0.0,Water
596,0.0,737137552
597,0.0,77bfcfcd-af2c-4b58-8a99-871a6c6109f2
598,0.0,25875c2e-ff9a-4669-bad7-2c84bafb7515
599,0.0,Matthew Martin
600,0.0,Tyler Brown
601,0.0,11960055
602,0.0,ce0d446c-d08d-49a8-8aa2-e625ead63d0c
603,0.0,25423
604,0.0,Delhi ers AS Holdings
605,0.0,Cape of Good Hope  Oyj
606,0.0,abcb0d9c-80da-4491-99f3-e093984f5373
607,0.0,Erin Simmons
608,0.0,LOMè„™
609,0.0,6ae0d6bb-b101-4905-8b41-86b10a580c82
610,0.0,Kristina Frazier
611,0.0,Bryan Johnston
612,0.0,874124852
613,0.0,05ef2661-6f3a-4f37-83e7-2ec8352afaef
614,0.0,2ef60e7b-4914-4dbd-a063-5b23143fe5db
615,0.0,2633692
616,0.0,fc4e853f-6e18-4631-bf95-f70d6a30579f
617,0.0,6c7a8222-efc7-41a6-809a-043b091ae04a
618,0.0,Dale Warner
619,0.0,451
620,0.0,705283b0-cdb7-4f0a-8481-b3fea243a8e5
621,0.0,30295c76-f2c6-4284-89fd-8f8fd082889b
622,0.0,StatesèŠ’
623,0.0,Gulf
624,0.0,Boat
625,0.0,Teresa Rivera
626,0.0,767368152
627,0.0,6d887b98-7c48-4a82-98bb-2f50fe4b29d5
628,0.0,salmon
629,0.0,George Ramirez
630,0.0,4e872202-1d65-4183-80c9-e8c12c8f736e
631,0.0,4382
632,0.0,7320771
633,0.0,94760735
634,0.0,969
635,0.0,86dc0f8c-7305-4c1e-b655-cf16eefd6fce
636,0.0,8164acdd-514f-4e18-867c-4bc63cebf15b
637,0.0,Playa del Mar Caviar
638,0.0,a7f76d84-4ccf-424a-9bf9-fc20b862b7a8
639,0.0,142
640,0.0,3183
641,0.0,Estrella de la Costa Inc Transit
642,0.0,802113
643,0.0,372016989
644,0.0,Alan Pacheco
645,0.0,50335cc3-71d6-4803-baca-5faaecfc33cb
646,0.0,Virginia Carter
647,0.0,April James
648,0.0,Aleut Community St
649,0.0,Kanuuxè„¤
650,0.0,e8036bce-0679-41d2-aa7b-d444163ae65a
651,0.0,èŠ’è™è¹SewardèŠ’è™è¶s FollyèŠ’
652,0.0,Wendy Duarte
653,0.0,aa1f466d-d060-40fa-ab0e-3f8bb2ca940f
654,0.0,Alexis Murphy
655,0.0,Alaè„›èºum Kanuuxè„¤
656,0.0,Angela Powers
657,0.0,Eric Gentry
658,0.0,Donna Shepherd
659,0.0,Zambezi Rapids NV Brothers
660,0.0,25652724
661,0.0,430
662,0.0,f402c1d2-8262-4bae-aa92-c8675a7006fc
663,0.0,49729
664,0.0,9209373
665,0.0,dff423b9-cf9a-4b0a-849f-ecb513924287
666,0.0,993137821
667,0.0,2421
668,0.0,7413
669,0.0,43185
670,0.0,937182447
671,0.0,èŠ’è™è¹Alaè„›èºum Kanuuxè„¤
672,0.0,861
673,0.0,Gary Scott
674,0.0,883290144
675,0.0,859375359
676,0.0,47967ccc-0e26-458d-b1e5-80e8668db714
677,0.0,7056336
678,0.0,36322
679,0.0,52
680,0.0,c9b9c344-98ec-40b8-af05-8528e5d82534
681,0.0,42603647
682,0.0,8544797
683,0.0,5070599
684,0.0,8966
685,0.0,39
686,0.0,Plastic
687,0.0,927244
688,0.0,e53552bc-174b-4799-b96b-c23cfa0731cb
689,0.0,9166
690,0.0,19
691,0.0,48
692,0.0,Thomas Curry
693,0.0,87ea830d-be41-4317-8b1b-142f23da70d7
694,0.0,662118
695,0.0,45
696,0.0,c14a3dc1-59d0-4b92-b9f3-331e51912787
697,0.0,17 Sept
698,0.0,Christopher Peterson
699,0.0,505943
700,0.0,Isaiah Hammond
701,0.0,Erica Bailey
702,0.0,90183
703,0.0,79538
704,0.0,Kevin Norton
705,0.0,Gregory Moore
706,0.0,43685541
707,0.0,7871
708,0.0,7247721
709,0.0,22
710,0.0,cefaf8b3-3aa2-4c59-b4aa-7974c8e1fe32
711,0.0,èŠ’è™èµgreenèŠ’
712,0.0,normal
713,0.0,ede1806c-b3d1-47f5-ba49-d948d6ec385a
714,0.0,36
715,0.0,52e9a600-9d6f-4683-95be-c7c60c57ffe1
716,0.0,Christina Olsen
717,0.0,Diè„™
718,0.0,logo
719,0.0,Amy Wise
720,0.0,8609
721,0.0,40952
722,0.0,27641046
723,0.0,e167b40a-96f4-40e0-873b-78950e4434f4
724,0.0,324989705
725,0.0,5415
726,0.0,9473
727,0.0,52093e45-b873-4300-9612-8dfc291b1339
728,0.0,46aadaa6-fb30-4474-a060-3adb689f4189
729,0.0,8c53a730-3aa1-463f-aef6-999a3cfbfb70
730,0.0,528
731,0.0,Abigail Foster
732,0.0,Rybachit Limited Liability Company
733,0.0,Hunter Wheeler
734,0.0,Christopher Miller
735,0.0,ae88562c-5c39-4c15-b128-b4f67f5e5812
736,0.0,ipoa-iuu
737,0.0,Think Tank Index ReportèŠ’
738,0.0,upenn
739,0.0,edu
740,0.0,2ceda972-c633-4a88-bbe8-a4fe48cb5555
741,0.0,Torremolinos
742,0.0,International-Convention
743,0.0,imo
744,0.0,890
745,0.0,èŠ’è™è¹U
746,0.0,Senegal Coast Oyj Motorboat
747,0.0,762833
748,0.0,Spy
749,0.0,Howard Pierce
750,0.0,228
751,0.0,63
752,0.0,84
753,0.0,22150
754,0.0,Jill Boyd
755,0.0,Kristin Davidson
756,0.0,Robert Carpenter
757,0.0,Mario Richardson
758,0.0,èŠ’è™è¹regions
759,0.0,7529
760,0.0,90254947
761,0.0,591787
762,0.0,Joseph Johnson
763,0.0,Peter Oliver
764,0.0,èŠ’è™è¹sinkèŠ’
765,0.0,555217629
766,0.0,Jeremy Jackson
767,0.0,Kelly Brown
768,0.0,Susan Porter
769,0.0,Meghan Wolfe
770,0.0,Zachary Petersen
771,0.0,Stephen Evans
772,0.0,Charles Tran
773,0.0,23550059-88d4-4a69-b74e-3c7de8bf56de
774,0.0,Patricia Byrd
775,0.0,Ronald Mahoney
776,0.0,Playa de Coral GmbH Consultants
777,0.0,Kirk Jackson
778,0.0,èŠ’è™è¹degradedèŠ’
779,0.0,Jeffrey Curry
780,0.0,Steven Huynh
781,0.0,Evelyn Huang
782,0.0,èŠ’è™è¥point
783,0.0,Bonnie Perez
784,0.0,Courtney Evans
785,0.0,MexicoèŠ’è™è¶s Yucatè„™
786,0.0,Jerry Welch
787,0.0,1196cfc8-175c-465b-aee9-fbf74c81aa49
788,0.0,87
789,0.0,Niè„™å¤o
790,0.0,Judy Johns
791,0.0,Richard Greer
792,0.0,David Hayden
793,0.0,Matthew Delgado
794,0.0,21e68e53-183c-45a0-9805-68c099d4d9c0
795,0.0,èŠ’è™è¹pioneersèŠ’
796,0.0,embaè„™æ½ba
797,0.0,èŠ’è™è¹zombie
798,0.0,Kenneth Jones
799,0.0,èŠ’è™è¹Swiss
800,0.0,Elizabeth Dean
801,0.0,Daniel Mason
802,0.0,Miss Angel Thomas
803,0.0,Amanda Mitchell
804,0.0,Scott Brown
805,0.0,days
806,0.0,38111
807,0.0,Thomas Rivas
808,0.0,Holly Taylor
809,0.0,66030248
810,0.0,20571414
811,0.0,31894357
812,0.0,1225
813,0.0,363355
814,0.0,387674
815,0.0,Alan Wells
816,0.0,981038
817,0.0,èŠ’è™è¹These
818,0.0,Stephen Lowe
819,0.0,Nicholas Hernandez
820,0.0,Stephanie Robinson
821,0.0,e678510b-947d-455a-8eb0-44d1009682ec
822,0.0,The Pew Charitable TrustsèŠ’
823,0.0,Jerry Montgomery
824,0.0,ad8fe467-3759-4f53-bf6a-896a237d187f
825,0.0,Leng 999 Gal
826,0.0,1402
827,0.0,a0deebdf-db0c-4aa8-91b6-0536e017c20f
828,0.0,25125567
829,0.0,Parker Jones
830,0.0,èŠ’è™è¹Collecting
831,0.0,33681303
832,0.0,Michael Brock
833,0.0,2573803
834,0.0,56126935
835,0.0,èŠ’è™è¹collaborativeèŠ’
836,0.0,Xavier Sanchez
837,0.0,Raymond King
838,0.0,Thomas Morales
839,0.0,138782226
840,0.0,Christopher Daniel
841,0.0,Linda Sherman
842,0.0,Mary Lucas
843,0.0,Morgan Black
844,0.0,Kristine Vaughn
845,0.0,1301719
846,0.0,Melissa Gonzales
847,0.0,496391
848,0.0,7539428
849,0.0,8afc9cb6-edf5-4a7d-9a02-054444a5604e
850,0.0,Crystal Smith
851,0.0,Richard Perkins
852,0.0,Amanda Gibson
853,0.0,Christine Jones
854,0.0,Carlos White
855,0.0,28379
856,0.0,Christine Robinson
857,0.0,958085
858,0.0,Diao er Ltd. Corporation Transport
859,0.0,Tshikwea Corp Marine sanctuary
860,0.0,5ede75fe-f670-4a59-b693-da34e7f6eb47
861,0.0,Robert Adams
862,0.0,Brandon Jackson
863,0.0,Sierra Smith
864,0.0,519994690
865,0.0,102642
866,0.0,7908385
867,0.0,691192
868,0.0,243964
869,0.0,Turkish Sword Ltd Export
870,0.0,Jasmine Camacho
871,0.0,Lindsey Palmer
872,0.0,èŠ’è™è¹especially
873,0.0,Melissa Spence
874,0.0,e13aca6a-88b5-4be7-a293-4a57854d7b1d
875,0.0,Jessica Brown
876,0.0,Daniel Snyder
877,0.0,441
878,0.0,Bethany Wright
879,0.0,Willie Hill
880,0.0,Jennifer Meyers
881,0.0,Allison Leonard
882,0.0,èŠ’è™è¶èŠ’
883,0.0,Amanda Andrews
884,0.0,Bruce Brooks
885,0.0,111795162
886,0.0,482048
887,0.0,70
888,0.0,èŠ’è™è¹He
889,0.0,7cc6bfba-4893-444b-a641-a7d0b48fa427
890,0.0,56
891,0.0,621770
892,0.0,3016
893,0.0,98703
894,0.0,Misty Thomas
895,0.0,314
896,0.0,567
897,0.0,990
898,0.0,341853
899,0.0,13592
900,0.0,Dawn Sanchez
901,0.0,979893388
902,0.0,Tammy Ryan
903,0.0,Timothy Lopez
904,0.0,Marine Mermaids CJSC Marine biology
905,0.0,David Larsen
906,0.0,706129
907,0.0,14
908,0.0,4698
909,0.0,89734
910,0.0,Terry Murphy
911,0.0,491
912,0.0,3528
913,0.0,43247945
914,0.0,e1d7b4ac-ed31-42a4-9375-4afb0f78f276
915,0.0,Mary Horton
916,0.0,cutter James
917,0.0,Mr. Mark Kline
918,0.0,1da2bc5a-e590-41c9-9982-2ade48dfc426
919,0.0,842229565
920,0.0,Dylan Roberts
921,0.0,Hang
922,0.0,41695239
923,0.0,489
924,0.0,67a59fab-710a-4992-b6d0-d581fd9dceba
925,0.0,da75877e-ec57-42cc-82b9-de68c8d333e7
926,0.0,boat
927,0.0,Michelle Hancock
928,0.0,Kathy Rodriguez
929,0.0,Galè„™
930,0.0,950296
931,0.0,Oceans
932,0.0,David Weber
933,0.0,7c54563c-577c-462f-8e30-389b510c776a
934,0.0,Morning
935,0.0,Jennifer Simmons
936,0.0,4759
937,0.0,626
938,0.0,72899187-0989-47fa-9db0-cd1d4c3fc4e3
939,0.0,833355
940,0.0,27078926
941,0.0,2983
942,0.0,613281364
943,0.0,Dylan Moss
944,0.0,92
945,0.0,8597
946,0.0,801809
947,0.0,Angela Spencer
948,0.0,97
949,0.0,6889326
950,0.0,ec1b111d-b9eb-4eef-ab00-ff7124cca480
951,0.0,32416483
952,0.0,f2aee915-d483-4823-a030-9aac5e44c1fe
953,0.0,oceanèŠ’è™è¶s
954,0.0,7328
955,0.0,OceanicOrigin Foods Co and Son's
956,0.0,71317
957,0.0,852015
958,0.0,65
959,0.0,58745
960,0.0,71755
961,0.0,1972868
962,0.0,61057213
963,0.0,653
964,0.0,473c1320-e50b-4f90-a068-76f82e210f26
965,0.0,Ola de la Costa S.A. de C.V.
966,0.0,18
967,0.0,24641639
968,0.0,678
969,0.0,6393
970,0.0,Margaret Shields
971,0.0,346281879
972,0.0,341
973,0.0,1094345
974,0.0,629
975,0.0,Brian Wolfe
976,0.0,119411
977,0.0,8950
978,0.0,8041aa28-8c50-4083-a528-469c0c6251d9
979,0.0,621
980,0.0,Frank Guzman
981,0.0,34f0cbbf-83c3-4e09-ad7a-b94a778f7c12
982,0.0,Michael Porter
983,0.0,Madison Edwards
984,0.0,Calvin Salas
985,0.0,èŠ’è™è¹presumedèŠ’
986,0.0,èŠ’è™è¹confirmedèŠ’
987,0.0,685607
988,0.0,265494227
989,0.0,2a282617-d174-409c-b0b1-490fdc369335
990,0.0,xu y Ltd. Corporation
991,0.0,periods years
992,0.0,89035
993,0.0,Tristan Johnson
994,0.0,Andrew Gamble
995,0.0,21724
996,0.0,èŠ’è™è¹high
997,0.0,èŠ’è™è¹widespreadèŠ’
998,0.0,David Mcfarland
999,0.0,èŠ’è™èµprotectedèŠ’
1000,0.0,30700925
1001,0.0,George Morton
1002,0.0,Janice Bell
1003,0.0,Saturday
1004,0.0,a39483f8-121a-4c18-9b20-9e0d2cba52e9
1005,0.0,58623386
1006,0.0,492238508
1007,0.0,Anita Tate
1008,0.0,4447143
1009,0.0,Lisa Foster
1010,0.0,34252
1011,0.0,8494294
1012,0.0,CatchèŠ’
1013,0.0,17
1014,0.0,150674265
1015,0.0,Audrey Romero
1016,0.0,Melinda Wade
1017,0.0,36b70b18-465a-442f-bfbe-cedb85d48acc
1018,0.0,13
1019,0.0,3887
1020,0.0,reefers
1021,0.0,èŠ’è™è¹encounteredèŠ’
1022,0.0,Veronica Payne
1023,0.0,Ronnie Burns
1024,0.0,Lisa Lambert
1025,0.0,1360
1026,0.0,Kimberly Lara
1027,0.0,2ad4f7ea-6f93-4a11-ace7-d7a4234bb991
1028,0.0,b24194ae-69ad-4e6c-be29-787c215cde65
1029,0.0,Sara Jenkins
1030,0.0,19a4297e-2d2b-47c0-9dce-816148a16f4e
1031,0.0,Maru
1032,0.0,Danielle Camacho
1033,0.0,60693571
1034,0.0,54073418
1035,0.0,Mr. Justin Bailey MD
1036,0.0,76568
1037,0.0,c682ec16-cd10-4a6c-94ce-4a5eb590b42e
1038,0.0,Paula Allen
1039,0.0,13 yearsèŠ’
1040,0.0,three
1041,0.0,Christy Fields
1042,0.0,Michele Hernandez
1043,0.0,Mary Castillo
1044,0.0,Jennifer Brown
1045,0.0,John Barnes DDS
1046,0.0,830155
1047,0.0,Anna Turner
1048,0.0,Stephanie Quinn
1049,0.0,9590898
1050,0.0,Joshua Garrett
1051,0.0,95230042
1052,0.0,21240092
1053,0.0,7234
1054,0.0,6335187
1055,0.0,695031
1056,0.0,2508
1057,0.0,6391
1058,0.0,Mary Jenkins
1059,0.0,75835980
1060,0.0,23774
1061,0.0,Nicole Smith
1062,0.0,9992346
1063,0.0,227
1064,0.0,ocean
1065,0.0,Jennifer Reilly
1066,0.0,79
1067,0.0,39893
1068,0.0,47bd4f34-d0af-41f0-88c5-eb9d4fde440c
1069,0.0,3782
1070,0.0,7441
1071,0.0,Fisheries Animal IndustriesèŠ’
1072,0.0,Donald Thompson
1073,0.0,Cynthia Byrd
1074,0.0,Christopher Hernandez
1075,0.0,58666504
1076,0.0,Jennifer Frederick
1077,0.0,70347729
1078,0.0,116070050
1079,0.0,b47086b0-e225-436a-83b1-2cf5cda4dbd5
1080,0.0,613465161
1081,0.0,bottom
1082,0.0,Michael Patton
1083,0.0,Kristin Jones
1084,0.0,884648
1085,0.0,90
1086,0.0,353149780
1087,0.0,2913
1088,0.0,693436
1089,0.0,88a1fe65-33d9-487a-a3ac-d4208f41b754
1090,0.0,Jenna Barton
1091,0.0,67f3755e-7f86-40a1-ae17-998d50a3e772
1092,0.0,631919
1093,0.0,Stephen Gutierrez
1094,0.0,Jessica Owens
1095,0.0,John Hutchinson
1096,0.0,Daniel Wood
1097,0.0,èŠ’èœå¢7
1098,0.0,reefer
1099,0.0,Fu Yuan Yu Leng 999
1100,0.0,88e9e7e8-3edf-4fd4-959d-8ec4f53e59d6
1101,0.0,8732
1102,0.0,44396
1103,0.0,f7a4114d-d1ca-44df-a7e0-c72e440671ba
1104,0.0,6038
1105,0.0,Chinook
1106,0.0,6274
1107,0.0,f9f6fc72-83db-4c44-a818-dde6c33985f9
1108,0.0,6758207
1109,0.0,abc12
1110,0.0,40
1111,0.0,615043
1112,0.0,Robert Lewis
1113,0.0,Margaret Nichols
1114,0.0,64124835
1115,0.0,767
1116,0.0,Chris Grant
1117,0.0,Angela Orr
1118,0.0,67909
1119,0.0,e09b64a2-397a-4bec-96a1-7d61479fe37a
1120,0.0,1012
1121,0.0,Katelyn Gibson
1122,0.0,Kayla Reynolds
1123,0.0,724
1124,0.0,824
1125,0.0,William Williams
1126,0.0,Vicki Owen
1127,0.0,Alyssa Mccoy
1128,0.0,292bf7d9-d86c-411d-9a85-da0cb4535e22
1129,0.0,c82d3e99-b297-484e-a28a-76cba8d515cc
1130,0.0,Scott Wright
1131,0.0,854
1132,0.0,2653581
1133,0.0,John Conley
1134,0.0,977
1135,0.0,James Hernandez
1136,0.0,1f899410-3447-48e7-bcb3-cbff10619e86
1137,0.0,39048624
1138,0.0,river
1139,0.0,Rhonda Johnson
1140,0.0,54
1141,0.0,1853970
1142,0.0,87648111
1143,0.0,Barbara Mccarty
1144,0.0,Christopher Simon
1145,0.0,Lauren Jackson DDS
1146,0.0,èŒ‚å¢è›shes
1147,0.0,èŒ‚å¢è›sh
1148,0.0,Darren Wilson
1149,0.0,Andrew Miller
1150,0.0,Erica Cisneros
1151,0.0,440994840
1152,0.0,Heather Hill
1153,0.0,Krystal Lee
1154,0.0,42258
1155,0.0,506986590
1156,0.0,7321
1157,0.0,647724
1158,0.0,272735814
1159,0.0,Wesley Woods
1160,0.0,Dry Creek Marine sanctuary
1161,0.0,1214936
1162,0.0,2751
1163,0.0,Marvin White
1164,0.0,Philip Black
1165,0.0,Laurie Clark
1166,0.0,7548555
1167,0.0,ARA Contraalmirante Cordero
1168,0.0,Keith Webb
1169,0.0,54217974
1170,0.0,38
1171,0.0,Elijah Gordon
1172,0.0,71352
1173,0.0,60806
1174,0.0,259e9338-b33e-4dc7-843a-96a720d22d9b
1175,0.0,461553
1176,0.0,538991
1177,0.0,71
1178,0.0,Rebecca Fox
1179,0.0,expect year
1180,0.0,Charles OJSC Marine conservation
1181,0.0,shrimper
1182,0.0,Caracola Azul Limited Liability Company
1183,0.0,Brandy Williams
1184,0.0,d6968538-6f18-4a1c-a4e2-59de3c0e25c2
1185,0.0,coastguard
1186,0.0,Viento y Mar BV
1187,0.0,Robert Vega
1188,0.0,James Sampson
1189,0.0,Debra Hebert
1190,0.0,135024
1191,0.0,38844
1192,0.0,John Frederick
1193,0.0,Allison Rodgers
1194,0.0,759
1195,0.0,0ae94787-4593-4139-848d-9174ea13ac23
1196,0.0,OceanFront Foods Co Beach
1197,0.0,19186817
1198,0.0,2748013
1199,0.0,23636990
1200,0.0,996
1201,0.0,81661977
1202,0.0,metric
1203,0.0,24189
1204,0.0,216
1205,0.0,Frederick Hunter
1206,0.0,9977227
1207,0.0,64365043
1208,0.0,06c161ac-e601-493f-b8df-839382e16a74
1209,0.0,458785
1210,0.0,e5e2e269-ccc5-4e16-88a8-e909c1fa32db
1211,0.0,42
1212,0.0,4258240
1213,0.0,Julie Parks
1214,0.0,891
1215,0.0,a96730cc-485e-46be-aba4-339442bacd8d
1216,0.0,USCGC
1217,0.0,Kristi Weeks
1218,0.0,DDG
1219,0.0,USS
1220,0.0,USS Hurricane
1221,0.0,PC
1222,0.0,Brandi White
1223,0.0,Tara Hanson
1224,0.0,Wesley Vasquez
1225,0.0,16
1226,0.0,Rebecca Adams
1227,0.0,29481
1228,0.0,Briana Johnson
1229,0.0,6126134
1230,0.0,595038316
1231,0.0,673431
1232,0.0,73704
1233,0.0,6780
1234,0.0,Mr. Joseph Johnson
1235,0.0,7480
1236,0.0,Marie Lee
1237,0.0,4769248
1238,0.0,3015
1239,0.0,2679
1240,0.0,97836b65-db6a-43bf-9467-cf57d84645ff
1241,0.0,Douglas Gillespie
1242,0.0,èŠ’è™è¹disasterèŠ’
1243,0.0,Jonathan Garner
1244,0.0,Amanda Contreras
1245,0.0,Long Xing 629
1246,0.0,Bryan Hill
1247,0.0,58db776e-40f1-4e68-b13d-dcc42416ce58
1248,0.0,Anthony Le
1249,0.0,Jo Francis
1250,0.0,Stephanie Thompson
1251,0.0,Michael Baker
1252,0.0,868
1253,0.0,99985383
1254,0.0,298
1255,0.0,Michael Wagner
1256,0.0,Susan Hodges
1257,0.0,Michael Chen
1258,0.0,Jennifer Thompson
1259,0.0,Sabrina Zamora
1260,0.0,Hannah Chandler
1261,0.0,Deckhands
1262,0.0,Bruce Bates
1263,0.0,Kimberly Lopez
1264,0.0,Teresa Jackson
1265,0.0,èŠ’è™è¹We fins
1266,0.0,ecf18ac9-a773-43a0-98c8-cdd264565b2f
1267,0.0,46
1268,0.0,65fea097-e838-4be6-9889-83f5361fe777
1269,0.0,Ann Nelson
1270,0.0,Robert Nguyen
1271,0.0,dec69ea4-1c0c-4b31-b6fe-7d0c7e4b8fd9
1272,0.0,Dr. Michelle Dominguez
1273,0.0,Charles Hart
1274,0.0,Tian
1275,0.0,Patricia Bowen
1276,0.0,Paul Holloway
1277,0.0,Maria Russell
1278,0.0,Justin Rodriguez
1279,0.0,Carl Lopez
1280,0.0,Mar del Norte Ferry
1281,0.0,122245
1282,0.0,4946
1283,0.0,Gabriela Graham
1284,0.0,Joseph Newman
1285,0.0,Danielle Valdez
1286,0.0,Susan Williamson
1287,0.0,Lauren Reynolds
1288,0.0,91
1289,0.0,20
1290,0.0,74211169
1291,0.0,Romero Oyster NV Carriers
1292,0.0,James Hall
1293,0.0,3553
1294,0.0,72875
1295,0.0,Coast Guard Cutter Edgar Culbertson
1296,0.0,38
1297,0.0,Heidi Kline
1298,0.0,863749817
1299,0.0,475
1300,0.0,567217
1301,0.0,Oliver
1302,0.0,Amanda Becker
1303,0.0,160
1304,0.0,Nicholas Dennis
1305,0.0,938816
1306,0.0,å†’è¼è®é™‹å†’è¼é™‹
1307,0.0,5469
1308,0.0,4679
1309,0.0,Cape Verde Islands Oyj
1310,0.0,Andre Phillips
1311,0.0,USCGèŠ’è™è¶s
1312,0.0,CutterOliverHenry
1313,0.0,Scott Solis
1314,0.0,Jonathan Spence
1315,0.0,11
1316,0.0,Tanner Smith
1317,0.0,Emily Bailey
1318,0.0,30041
1319,0.0,468511
1320,0.0,86
1321,0.0,Ann Flowers
1322,0.0,60774
1323,0.0,47
1324,0.0,Michael Bullock
1325,0.0,Michelle Singh
1326,0.0,SSN
1327,0.0,Tyler Palmer
1328,0.0,HMAS
1329,0.0,dec44f58-94b0-4070-bfb3-1e13ef308ec3
1330,0.0,Chad Nichols
1331,0.0,2114
1332,0.0,34020206
1333,0.0,Fin Flair Pic Delivery
1334,0.0,Scott Wallace
1335,0.0,Tony Patterson
1336,0.0,Sampath
1337,0.0,683962
1338,0.0,Anna Johnson
1339,0.0,95c715ba-891e-4472-8e2a-4e746dcc266a
1340,0.0,Anna Smith
1341,0.0,760219951
1342,0.0,36744944
1343,0.0,734121719
1344,0.0,Kathleen Gates
1345,0.0,6b58646e-1d3a-4b72-b8a0-9f57c296d73d
1346,0.0,9357541
1347,0.0,William Atkinson
1348,0.0,Lisa Payne
1349,0.0,87278
1350,0.0,Christine Chaney
1351,0.0,8226730
1352,0.0,5b199218-6513-430b-8e56-8aa1d83456a3
1353,0.0,Mr. Jose King
1354,0.0,Thomas Adams
1355,0.0,75
1356,0.0,Kimberly Olson
1357,0.0,911243414
1358,0.0,9280
1359,0.0,cc6cf3e0-5794-4497-a31d-79b4db1b55a9
1360,0.0,Ryan Garrett
1361,0.0,408119
1362,0.0,Gary Butler
1363,0.0,Gary Smith
1364,0.0,Denise Diaz
1365,0.0,6ead18ca-3084-4f8e-9c1e-a5e470fc5935
1366,0.0,48259
1367,0.0,b636c0f8-2ddf-42ad-9f9c-73bd48682561
1368,0.0,United StatesèŠ’
1369,0.0,55301
1370,0.0,Elaine Duncan
1371,0.0,Game ThiefèŠ’
1372,0.0,604905
1373,0.0,784221
1374,0.0,ae19b5a7-4f70-4366-98ad-819e3009aeca
1375,0.0,d4947401-8ec7-48b9-a66f-45d983d59e0a
1376,0.0,Dennis Little
1377,0.0,èŠ’è™è¹transshipmentèŠ’
1378,0.0,Brooke Garza
1379,0.0,Feng
1380,0.0,82462633
1381,0.0,Carrie Elliott
1382,0.0,5235138
1383,0.0,Breanna Ward
1384,0.0,Donna Webb
1385,0.0,summer
1386,0.0,Tracy Smith
1387,0.0,Kimberly Petersen
1388,0.0,Robert Schaefer
1389,0.0,Samuel Stokes
1390,0.0,Timothy Hernandez
1391,0.0,5680682
1392,0.0,47234884
1393,0.0,Marcus English
1394,0.0,Meghan Kim
1395,0.0,David Nunez MD
1396,0.0,30
1397,0.0,Thomas Diaz
1398,0.0,Hannah Taylor
1399,0.0,Joanna Brown
1400,0.0,307
1401,0.0,Monique Rios
1402,0.0,yearsèŠ’è™è°that
1403,0.0,950574
1404,0.0,Pacific Island States United StatesèŠ’
1405,0.0,territory American Samoa
1406,0.0,62d4bdbc-8978-4cbf-b9ea-82aaa9188c91
1407,0.0,900
1408,0.0,Coastal Crusaders Kga Worldwide
1409,0.0,Luis Douglas
1410,0.0,Seashell Sanctum SRL Transport
1411,0.0,Fernando Steele
1412,0.0,David Tucker
1413,0.0,Tiao piao AG Delivery
1414,0.0,e39609a3-b437-41c2-b114-e21dc69a9bb1
1415,0.0,èŠ’è™è¹eared sealsèŠ’
1416,0.0,Robert Mcintosh
1417,0.0,Amber Sharp
1418,0.0,James Anderson
1419,0.0,497
1420,0.0,7892
1421,0.0,8513
1422,0.0,1415
1423,0.0,3433
1424,0.0,Kara Sullivan
1425,0.0,Teresa Gardner
1426,0.0,Trevor Brown
1427,0.0,Kimberly Roberts
1428,0.0,Ricky Holland
1429,0.0,Lydia Day
1430,0.0,èŠ’è™è¹it
1431,0.0,Nichole Kline
1432,0.0,Ryan Rich
1433,0.0,650749
1434,0.0,Shawna Welch
1435,0.0,Zachary Jordan
1436,0.0,holesèŠ’
1437,0.0,89526932
1438,0.0,èŠ’è™è¹first
1439,0.0,26978247
1440,0.0,nigeria
1441,0.0,boatèŠ’è™è¶s
1442,0.0,53792
1443,0.0,c66f5cd5-3891-43ce-a3f8-0147b3d643b1
1444,0.0,032522db-8105-4c26-8142-ae9d5806f7c5
1445,0.0,Mrs. Melinda Richardson
1446,0.0,Frederick Harris
1447,0.0,30141220
1448,0.0,90192265
1449,0.0,Natalie Gill
1450,0.0,23f52980-e4f4-43da-ac02-9c1eef637751
1451,0.0,245658
1452,0.0,552027385
1453,0.0,Brian Stevens
1454,0.0,èŠ’è™è¹conservativeèŠ’
1455,0.0,e4e5b1ca-e210-4d3f-8cea-fa5c2309340f
1456,0.0,ce06b4c4-dd19-485d-ad52-f7cd953db1c2
1457,0.0,d2589980-b0c7-4c36-8ddf-8afe554853ea
1458,0.0,Robin Fernandez
1459,0.0,week
1460,0.0,Diana Kelley
1461,0.0,Angela Wright
1462,0.0,Miranda Small
1463,0.0,Stacey Ortega
1464,0.0,FV
1465,0.0,Gary Crawford PhD
1466,0.0,FV Snake
1467,0.0,FV Viking
1468,0.0,FV Thunder
1469,0.0,AquacultureèŠ’
1470,0.0,Paul Parker
1471,0.0,4877
1472,0.0,èŠ’è™è¹discriminationèŠ’
1473,0.0,Jessica Gibson
1474,0.0,da7677f8-d1f0-4e35-afe9-4240613e866b
1475,0.0,48115
1476,0.0,Rhonda Sullivan
1477,0.0,Adam Gutierrez
1478,0.0,Gregory Carter
1479,0.0,Martin Bryant
1480,0.0,555
1481,0.0,903311212
1482,0.0,683113035
1483,0.0,th
1484,0.0,Bruce Spears
1485,0.0,Itaquaè„™
1486,0.0,1710a32e-7a58-4d7f-9c5e-bf897b7419a3
1487,0.0,Sherry Richmond
1488,0.0,Daniel Shaffer
1489,0.0,Sierra Vincent
1490,0.0,Margaret Ward
1491,0.0,Wendy Crane
1492,0.0,Richard Bowers
1493,0.0,Joshua Hammond
1494,0.0,Samuel Cross
1495,0.0,èŠ’è™è¹As
1496,0.0,47698
1497,0.0,DECEUNINCK
1498,0.0,Kristi Ryan
1499,0.0,199
1500,0.0,23990411
1501,0.0,10880329
1502,0.0,Rhonda Price
1503,0.0,45ff391d-0f6a-4ee4-abe6-8b06d07dbfd6
1504,0.0,e941d006-6590-4143-9d0d-12926b0b6f5c
1505,0.0,Tyler Blanchard
1506,0.0,Shawn Cook
1507,0.0,ce2247ab-4922-420f-8d42-504c4ddda305
1508,0.0,Susan Montoya
1509,0.0,William James
1510,0.0,e0cdfc51-7473-481d-8900-03f66d6e359e
1511,0.0,Ricardo Gomez
1512,0.0,75471
1513,0.0,14 months
1514,0.0,82408558
1515,0.0,f6cca381-c55e-44cc-b685-6c4139459b96
1516,0.0,f94bcae5-b023-48f6-a0d5-ff2f01cc00ed
1517,0.0,èŠ’è™è¹catch
1518,0.0,èŠ’è™è¹total
1519,0.0,Manipur Market AG Consultants
1520,0.0,èŠ’è™è¹Moby-DickèŠ’
1521,0.0,04eab3c4-ed99-467b-8844-b5279a6b955e
1522,0.0,5312744
1523,0.0,Amanda Santana
1524,0.0,Dana Macias
1525,0.0,Helen Chase
1526,0.0,Candace Burnett
1527,0.0,34153143
1528,0.0,èŠ’è™èºTheoretically
1529,0.0,Jonathan Torres
1530,0.0,Gary Dunn
1531,0.0,721436
1532,0.0,Brittany Frey
1533,0.0,Brett Williams
1534,0.0,Seafreeze Ltd
1535,0.0,36033030
1536,0.0,Todd Lane
1537,0.0,Alicia Lee
1538,0.0,8112222
1539,0.0,19471
1540,0.0,Linda Holden
1541,0.0,Donna Romero
1542,0.0,Amanda Garcia
1543,0.0,Shona Barracuda AB Worldwide
1544,0.0,415053
1545,0.0,èŠ’è™è¹BHFèŠ’
1546,0.0,Olivia Bradshaw
1547,0.0,461541
1548,0.0,èŠ’è™è¹ProPublicaèŠ’
1549,0.0,èŠ’è™è¹yesterdayèŠ’
1550,0.0,èŠ’è™è¹last week
1551,0.0,èŠ’è™è¹PortlandèŠ’
1552,0.0,watercraft
1553,0.0,Bradley Murphy
1554,0.0,Madison Franklin
1555,0.0,Rapido beam
1556,0.0,Mary Montoya
1557,0.0,Rapido beam trawler
1558,0.0,ordinary
1559,0.0,Kari Zavala
1560,0.0,91a2a8e6-f56f-4663-8be9-0bbfd5440489
1561,0.0,40cfcd88-fceb-49bd-a71a-053aacddad42
1562,0.0,cb537677-9d82-4d58-8066-899bdc51c4f1
1563,0.0,4èŠ’è™è£è„™è´èŠ’è™è£15èŠ’
1564,0.0,èŠ’è™è£60
1565,0.0,diesel
1566,0.0,bottom otter trawler
1567,0.0,2820033
1568,0.0,1559
1569,0.0,495035052
1570,0.0,25
1571,0.0,96
1572,0.0,60910422
1573,0.0,285351
1574,0.0,75399
1575,0.0,da91eeb8-11f7-4634-95e7-f9413e9957aa
1576,0.0,720
1577,0.0,fdcbe098-dbe6-4e52-8bd7-96cf3ae30101
1578,0.0,779
1579,0.0,2673
1580,0.0,6185842
1581,0.0,762165
1582,0.0,428
1583,0.0,4962642
1584,0.0,93
1585,0.0,Olivia Bailey
1586,0.0,96
1587,0.0,ffc679cd-57ac-4846-b023-8be73ca754fa
1588,0.0,Flodstrè„™
1589,0.0,700
1590,0.0,941899076
1591,0.0,520
1592,0.0,85
1593,0.0,9636
1594,0.0,449
1595,0.0,èŠ’è™è¹cardingèŠ’
1596,0.0,Tyler Flores
1597,0.0,Michelle
1598,0.0,2466
1599,0.0,72212757
1600,0.0,449820
1601,0.0,6406914
1602,0.0,Madeline Collins
1603,0.0,76609426
1604,0.0,Mrs. Jessica Meyer
1605,0.0,èŠ’è™è¹Moreover
1606,0.0,Darren Torres
1607,0.0,Brittany Brewer
1608,0.0,8651344
1609,0.0,Daniel Roberts
1610,0.0,85b8a8cf-7f07-4bab-8b44-1d79940aab8d
1611,0.0,933754160
1612,0.0,Tyler Turner
1613,0.0,allAfrica
1614,0.0,933c4581-7ecc-4377-995c-7a200fee617b
1615,0.0,è„—æ‹¢9
1616,0.0,Melinda Bentley
1617,0.0,41713
1618,0.0,900338
1619,0.0,665912557
1620,0.0,1341798
1621,0.0,23299
1622,0.0,Danielle Perry
1623,0.0,Paula King
1624,0.0,Laurie Mclaughlin
1625,0.0,Melinda Williams
1626,0.0,614
1627,0.0,802775
1628,0.0,5688339
1629,0.0,morningèŠ’è™è¶s
1630,0.0,Anna Thomas MD
1631,0.0,Michele Black
1632,0.0,3857345
1633,0.0,Ms. Brittany Murray
1634,0.0,Matthew White
1635,0.0,è„—æ‹¢800
1636,0.0,Tonya Key
1637,0.0,Sara Waller
1638,0.0,99233
1639,0.0,Daniel Middleton
1640,0.0,813be272-d3de-43c9-90be-ab14231fcf17
1641,0.0,èŠ’è™è¹Say
1642,0.0,Stacey Ortiz
1643,0.0,Scott Simpson
1644,0.0,Loretta Harrington
1645,0.0,203
1646,0.0,99661834
1647,0.0,9838
1648,0.0,848165
1649,0.0,612
1650,0.0,379284134
1651,0.0,55394387
1652,0.0,Boston
1653,0.0,Matthew Pennington
1654,0.0,vesselèŠ’è™è¶s
1655,0.0,waterèŠ’è™è¶s
1656,0.0,950ce1a6-a178-4e3e-9316-91ab7ca88664
1657,0.0,Hannah Brown
1658,0.0,Bobby Walker
1659,0.0,221942
1660,0.0,0d1c7ce3-7243-47c0-9280-a3262b52dc0f
1661,0.0,634ac4e7-12af-494f-95f5-cd853363525f
1662,0.0,945632766
1663,0.0,HMS Montrose
1664,0.0,80737369
1665,0.0,Montrose
1666,0.0,112156579
1667,0.0,64338295
1668,0.0,81
1669,0.0,73921
1670,0.0,Khundu Ltd. Liability Co
1671,0.0,327277616
1672,0.0,637608
1673,0.0,Benjamin Barton
1674,0.0,5337
1675,0.0,6980
1676,0.0,f85f009e-0fa0-403a-845e-64198883bf34
1677,0.0,4562fe84-0188-47fd-8e27-67380da0079c
1678,0.0,Stephanie Brown
1679,0.0,33118036
1680,0.0,88813246
1681,0.0,5383294
1682,0.0,9238420
1683,0.0,70109
1684,0.0,underwater
1685,0.0,waterèŠ’
1686,0.0,Mrs. Katrina Williams
1687,0.0,73166320
1688,0.0,dbb07e32-a8f4-47d0-ae61-c2e9774e9284
1689,0.0,13249468
1690,0.0,Aine
1691,0.0,Anthony Gomez
1692,0.0,Debbie Kelley
1693,0.0,77
1694,0.0,Eric Hanson
1695,0.0,Joshua Haynes
1696,0.0,682313
1697,0.0,300
1698,0.0,Krystal Foster
1699,0.0,Roger Smith
1700,0.0,37992687
1701,0.0,nationalfisherman
1702,0.0,intrafish
1703,0.0,303934
1704,0.0,choicesmagazine
1705,0.0,58877070
1706,0.0,usa
1707,0.0,oceana
1708,0.0,Blake Smith
1709,0.0,42990314
1710,0.0,1338687
1711,0.0,507684
1712,0.0,ams.usda
1713,0.0,1765605
1714,0.0,èŠ’è™è¹initiallyèŠ’
1715,0.0,SIMPComplianceGuide
1716,0.0,Cutters
1717,0.0,èŠ’è™è¹poachedèŠ’
1718,0.0,Stacy Castillo
1719,0.0,34757443
1720,0.0,Matthew Mack
1721,0.0,David Wilson
1722,0.0,f205ff1a-8798-48b7-b535-ad87b9756220
1723,0.0,1a2ebb93-1c85-4f40-abb1-cff639788678
1724,0.0,èŠ’è™è¹Accept AllèŠ’
1725,0.0,krxd
1726,0.0,Zachary Blackburn
1727,0.0,operated vehicle
1728,0.0,James Berry
1729,0.0,Robert Goodman
1730,0.0,Snow Crab
1731,0.0,Mary Durham
1732,0.0,Anna Kelly
1733,0.0,Clifford Sherman
1734,0.0,Carol Wade
1735,0.0,1576352
1736,0.0,59600
1737,0.0,Greenwich
1738,0.0,HMS Medway
1739,0.0,1dfb2440-85dc-4f0c-914f-e18498e6cd1b
1740,0.0,Makayla Anderson
1741,0.0,92a375a3-0c31-494e-9a56-eeabe3750d90
1742,0.0,Kevin Moreno
1743,0.0,34285153
1744,0.0,TalleyèŠ’è™è¶s
1745,0.0,Brittany Ryan
1746,0.0,Dana Knapp
1747,0.0,Jeanette Kim
1748,0.0,95743666
1749,0.0,86117
1750,0.0,94361818
1751,0.0,40974
1752,0.0,Diao yu bi sai Tidal BV Export
1753,0.0,Patricia Flores
1754,0.0,74505
1755,0.0,Joshua Roberts
1756,0.0,Denise Moore
1757,0.0,èŠ’è™è¹seamountèŠ’
1758,0.0,Lisa Castaneda
1759,0.0,Christina Abbott
1760,0.0,4657860
1761,0.0,519443204
1762,0.0,3394552
1763,0.0,618
1764,0.0,Brittany Kane
1765,0.0,MarsèŠ’
1766,0.0,bd16ff21-2da0-4ad7-8aec-d04a28b61277
1767,0.0,past yearèŠ’è™è¶s
1768,0.0,whales
1769,0.0,Michelle Campbell
1770,0.0,39995740
1771,0.0,Lauren Garner
1772,0.0,Zachary Mclean
1773,0.0,Anthony Mendez
1774,0.0,806
1775,0.0,Hubble
1776,0.0,event
1777,0.0,Launch LoversèŠ’
1778,0.0,cd2685a2-fce5-49ee-8ca7-b9faa081d190
1779,0.0,LC
1780,0.0,Spaceflight
1781,0.0,93
1782,0.0,e95a9547-3611-4e86-adbe-9aa55dbff21f
1783,0.0,6107715
1784,0.0,2610
1785,0.0,HawkEye
1786,0.0,Jordan Mcbride
1787,0.0,7575
1788,0.0,d5cbeea1-73ac-4d86-adeb-b609629b12bf
1789,0.0,416dab02-bf67-48af-a99b-c691339dc5e0
1790,0.0,25a765f4-b6d0-4588-9a7a-0798de847cfd
1791,0.0,0a715a76-de97-4cc3-80a3-4dcbfa740079
1792,0.0,Madhya Pradesh Market Pic Transportation
1793,0.0,Manned
1794,0.0,Aerial
1795,0.0,34731154
1796,0.0,970786
1797,0.0,Christian Ashley
1798,0.0,8967466
1799,0.0,Benjamin Snyder
1800,0.0,b3de0895-285e-4ea8-99bb-ffdc763f7038
1801,0.0,a8330af0-375f-4fcb-9171-9628b26b1808
1802,0.0,3308429
1803,0.0,Adam Cook
1804,0.0,Wendy Miller
1805,0.0,Abrams MIA2
1806,0.0,abb62f7c-234a-46d7-b3bb-8f7b4771618c
1807,0.0,Tank
1808,0.0,Kelly James
1809,0.0,MBTs
1810,0.0,418382
1811,0.0,16927047
1812,0.0,6471708
1813,0.0,520673
1814,0.0,1252007
1815,0.0,6c348030-e9d4-4ddc-8ec8-30ac227c6a14
1816,0.0,565431
1817,0.0,Lisa Rocha
1818,0.0,Danielle Sosa
1819,0.0,James Carr
1820,0.0,Daniel Burton
1821,0.0,Jerry Miller
1822,0.0,15758645
1823,0.0,Dakota Flores
1824,0.0,204
1825,0.0,US Special Operations SOF
1826,0.0,7490484
1827,0.0,Kari Padilla
1828,0.0,Angela Navarro
1829,0.0,èŠ’è™è¹accelerate
1830,0.0,327979
1831,0.0,414
1832,0.0,28422
1833,0.0,428949
1834,0.0,838200939
1835,0.0,èŠ’è™è¹bossesèŠ’
1836,0.0,Levi Jones
1837,0.0,Adriana Rhodes
1838,0.0,Kevin Moore
1839,0.0,Debra Davis
1840,0.0,Jennifer Washington
1841,0.0,Peter Bush
1842,0.0,61
1843,0.0,908
1844,0.0,2278
1845,0.0,3731
1846,0.0,Sabrina Merritt
1847,0.0,Justin Fowler
1848,0.0,120
1849,0.0,2422788
1850,0.0,MCDP
1851,0.0,c97073d1-61a4-4a06-a189-8b4642a699e1
1852,0.0,66
1853,0.0,65872b93-db53-4445-a72e-8f84b3d7edfc
1854,0.0,todayèŠ’è™è¶s
1855,0.0,268393514
1856,0.0,55242
1857,0.0,637
1858,0.0,Maria Horton
1859,0.0,Maurice Figueroa
1860,0.0,Ships
1861,0.0,9697
1862,0.0,620019
1863,0.0,45361487
1864,0.0,408603
1865,0.0,Vehicle Land
1866,0.0,Heather King
1867,0.0,Billy Robinson
1868,0.0,Austin Miller
1869,0.0,369
1870,0.0,6204
1871,0.0,96c31987-d50d-4680-9397-2a9d0e3946e1
1872,0.0,sailboat Freeport
1873,0.0,c0ea9f29-9987-490f-bc96-d2a5718c1636
1874,0.0,949
1875,0.0,Perch
1876,0.0,576618
1877,0.0,82357
1878,0.0,Ariel Thornton
1879,0.0,driftnets
1880,0.0,500633954
1881,0.0,62343
1882,0.0,688224
1883,0.0,George Vance
1884,0.0,Jason Fleming
1885,0.0,èŠ’è™è¹dimersalèŠ’
1886,0.0,c600d751-cc48-4e8e-800e-63ec87a4239f
1887,0.0,Cynthia Huff
1888,0.0,Angela Lee
1889,0.0,78ec7fd4-82e0-4725-815d-50be0ccee955
1890,0.0,CraftèŠ’è™è¯Law
1891,0.0,Ocean Patrol
1892,0.0,ARA Bouchard
1893,0.0,Richard Douglas
1894,0.0,Patricia Reyes
1895,0.0,Kristin Dawson
1896,0.0,èŠ’è™èµAwachaèŠ’
1897,0.0,Brandon Hughes
1898,0.0,èŠ’è™è¹SaikoèŠ’
1899,0.0,Bethany Lopez
1900,0.0,electric
1901,0.0,wheeler
1902,0.0,570683
1903,0.0,4532329
1904,0.0,98631
1905,0.0,2658
1906,0.0,5698
1907,0.0,3342
1908,0.0,354
1909,0.0,945
1910,0.0,Months
1911,0.0,Tamil Nadu Ltd. Liability Co Express
1912,0.0,èŠ’è™è¹ElquièŠ’
1913,0.0,738338ba-deef-4364-bedf-707a8cbf9a55
1914,0.0,Monica Ramirez
1915,0.0,280094
1916,0.0,40676
1917,0.0,Tracie Price
1918,0.0,David Limited Liability Company
1919,0.0,1998
1920,0.0,669
1921,0.0,Elizabeth Anderson
1922,0.0,903574229
1923,0.0,Kenneth Cain
1924,0.0,Carla Perkins
1925,0.0,Lindsey Conway
1926,0.0,95064
1927,0.0,Ryan Perez
1928,0.0,dd3f2822-2964-4d18-92c2-7a6db4b4a9e5
1929,0.0,6567453
1930,0.0,47261702
1931,0.0,730397695
1932,0.0,4086
1933,0.0,Wartsila
1934,0.0,373a8a11-c7a0-4e9b-8397-9d824974259a
1935,0.0,a0ea93dc-6767-4682-b424-21b5a24ea24b
1936,0.0,bulker
1937,0.0,Kariba Dam  Corporation Nautical
1938,0.0,Benton Ltd. Liability Co
1939,0.0,ninety
1940,0.0,90
1941,0.0,822596165
1942,0.0,5421
1943,0.0,Pez Dorado BV Logistics
1944,0.0,019d89a8-36be-4402-bf3c-d13cb982cf3f
1945,0.0,6f59e8d7-8f5d-4a7d-a3a4-50ddcb7ad9ad
1946,0.0,Traci Shields
1947,0.0,Daniel Henderson
1948,0.0,Joseph Smith
1949,0.0,Dr. Gregory Rice
1950,0.0,Breanna Welch DDS
1951,0.0,Jared Martinez
1952,0.0,Darin Torres
1953,0.0,Tracy Rogers
1954,0.0,Kevin Morris
1955,0.0,The Salty Pearl River S.p.A. Export
1956,0.0,3051e013-9e40-44cc-98e5-740e3238daaa
1957,0.0,9237588
1958,0.0,cdc89aad-5d8c-48bf-b155-81d2a932782b
1959,0.0,William Murray
1960,0.0,af9758b0-e4f9-4e08-8dd9-09abc903e4b5
1961,0.0,4183208
1962,0.0,Punjab Market Marine sanctuary ship
1963,0.0,Robert Edwards
1964,0.0,322202416
1965,0.0,5025f249-0b3c-4741-a7aa-090d93395acf
1966,0.0,969368807
1967,0.0,80276549
1968,0.0,89
1969,0.0,35282
1970,0.0,813
1971,0.0,62
1972,0.0,44326992
1973,0.0,1416a29d-3719-45d6-95a8-782c4e281908
1974,0.0,Hunt
1975,0.0,0efa50f3-533d-4775-94fa-54cd1c480587
1976,0.0,fd6c1e03-d6f4-421e-a493-cdc56ae000b5
1977,0.0,869422192
1978,0.0,542341
1979,0.0,93252
1980,0.0,4627
1981,0.0,1719
1982,0.0,Jennifer Parsons
1983,0.0,8876768
1984,0.0,444
1985,0.0,Denise Vance
1986,0.0,Zachary Perez
1987,0.0,Craig Santiago
1988,0.0,6460
1989,0.0,64778548
1990,0.0,493641959
1991,0.0,8980454
1992,0.0,Jessica Costa
1993,0.0,Erica Hamilton
1994,0.0,Sandra Martinez
1995,0.0,Austin Welch
1996,0.0,6659
1997,0.0,464454263
1998,0.0,Shipping Corp
1999,0.0,534
2000,0.0,4942
2001,0.0,884332
2002,0.0,982519647
2003,0.0,1354
2004,0.0,923825740
2005,0.0,5865
2006,0.0,Malawi Rift  Holdings Navigation
2007,0.0,Baha de Coral OJSC Marine
2008,0.0,Navigation Corp
2009,0.0,Triton Navigation Corp
2010,0.0,Pontus Navigation Corp
2011,0.0,John Jensen
2012,0.0,Michael Frederick
2013,0.0,401289940
2014,0.0,54726
2015,0.0,52193
2016,0.0,Laura Joseph
2017,0.0,697844686
2018,0.0,1555
2019,0.0,3669166
2020,0.0,483398
2021,0.0,111274e2-c155-4640-9a8e-f506f3fbca06
2022,0.0,7657424
2023,0.0,2234557
2024,0.0,7125
2025,0.0,Jorge Davidson
2026,0.0,Ruben Fowler
2027,0.0,John Riley
2028,0.0,256659459
2029,0.0,2357762
2030,0.0,Andrew Graves
2031,0.0,Mathew Taylor
2032,0.0,aac2c35c-d06d-45df-a1f8-a0c4001f3897
2033,0.0,èŠ’è™è¹HSIèŠ’
2034,0.0,èŠ’è™è¹NYPDèŠ’
2035,0.0,Daniel Obrien
2036,0.0,Jeffrey Hall
2037,0.0,èŠ’è™è¹be
2038,0.0,8bdf21e8-914b-4fe2-9280-0a69b9b0175d
2039,0.0,18 wheelers
2040,0.0,Michael Vazquez
2041,0.0,Sara Fleming
2042,0.0,1625166
2043,0.0,a325b223-5017-42a8-8eb1-ed7e1a3bbd5b
2044,0.0,49101570
2045,0.0,Robert Garcia
2046,0.0,6b19fec0-f5d4-4d31-b461-fef270debb3e
2047,0.0,Brett Lopez
2048,0.0,42978392
2049,0.0,62d39460-2980-4835-91ea-47073f724d3b
2050,0.0,74390fc5-8dc6-4511-a0a8-bc360409b805
2051,0.0,Heather Porter
2052,0.0,Kevin Liu
2053,0.0,Katrina Nguyen
2054,0.0,0fab17df-2c08-46b6-8ce9-b13b3a60ff3d
2055,0.0,James Horton
2056,0.0,Brian Hansen
2057,0.0,Rajasthan GmbH & Co. KG
2058,0.0,858
2059,0.0,Rebecca Caldwell
2060,0.0,Alyssa Gonzalez
2061,0.0,Michelle Jackson
2062,0.0,27d0dfe7-186c-4016-8f47-40c71e30f48a
2063,0.0,871
2064,0.0,James Scott
2065,0.0,Krista Harris
2066,0.0,èŠ’è™è¹everything
2067,0.0,76030
2068,0.0,William Gray
2069,0.0,containers
2070,0.0,9098
2071,0.0,Michael Reed
2072,0.0,17592
2073,0.0,5d1f2e9c-f74a-41e9-974f-9b4e57edc9d7
2074,0.0,Katherine Chavez
2075,0.0,Nutica del Sol AG
2076,0.0,Stephen Marks
2077,0.0,8b8c532f-0ca0-44cc-898c-1d776f2f457a
2078,0.0,James Stewart
2079,0.0,1968776
2080,0.0,288971672
2081,0.0,Anthony Larson
2082,0.0,845
2083,0.0,382825160
2084,0.0,Laura Hughes
2085,0.0,Amanda Dean
2086,0.0,Debra Hall
2087,0.0,Kelsey Tucker
2088,0.0,460859346
2089,0.0,2793
2090,0.0,Martin Bell
2091,0.0,Michelle Long
2092,0.0,èŠ’è™è¹laughableèŠ’
2093,0.0,8325
2094,0.0,437212
2095,0.0,299
2096,0.0,Jennifer Barber
2097,0.0,Ryan Hudson
2098,0.0,James Calhoun
2099,1.0,Harold Strickland
2100,46.0,John Hall
2101,46.0,Christine Maxwell
2102,51.0,Ashley Lewis
2103,61.0,Sandra Bullock
2104,47.0,82f2f404-439a-4b2e-b423-726a7f933abf
2105,38.0,298930
2106,44.0,Mark Garcia
2107,68.0,f59ca3ce-7fea-4a6b-893b-486565a8ab18
2108,82.0,èŠ’è™è¹toppyèŠ’
2109,91.0,èŠ’è™è¹stagèŠ’
2110,266.0,Samuel Dunn
2111,280.0,John Avila
2112,280.0,2362
2113,280.0,William Palmer
2114,295.0,7311cf88-bac1-4ac9-a0d2-c55c02497944
2115,326.0,9979944
2116,326.0,4396031
2117,326.0,Simien Mountains  Company Delivery
2118,341.0,519852438
2119,354.0,èŠ’è™è¹legitimateèŠ’
2120,367.0,William Kim
2121,377.0,Jeffrey Strong
2122,389.0,Susan Williams
2123,415.0,Margaret Miller
2124,421.0,Angela Chang
2125,389.0,Daniel Chang
2126,284.0,Victoria Gonzalez
2127,264.0,Jennifer Johnson
2128,174.0,Jeffrey Mills
2129,97.0,Jason Brown
2130,114.0,Jeff Sullivan
2131,111.0,6828
2132,55.0,Mr. Eric Logan
2133,9.0,William Phillips
2134,0.0,Heather Holmes
2135,0.0,Elizabeth Jones
2136,0.0,Christian Quinn
2137,0.0,èŠ’è™è¹His
2138,0.0,432526990
2139,0.0,Kathryn Gomez
2140,0.0,Stephanie Wiley
2141,0.0,Lisa Ward
2142,0.0,William Fernandez
2143,0.0,Ryan Lewis
2144,0.0,Christina Chavez
2145,0.0,Jessica Figueroa DDS
2146,0.0,Rebecca Taylor
2147,0.0,463
2148,0.0,762
2149,0.0,èŠ’è™è¹believe
2150,0.0,Dr. Daniel Massey
2151,0.0,èŠ’è™è¹WhatèŠ’è™è¶s
2152,0.0,Brooke Hamilton
2153,0.0,Mrs. Katherine Clark
2154,0.0,Kathleen Benitez
2155,0.0,EasterlingsèŠ’
2156,0.0,Seth Peters
2157,0.0,Kevin Butler
2158,0.0,8851578d-3dd7-4430-8f73-b95305eb1f03
2159,0.0,82379
2160,0.0,Daniel Pruitt
2161,0.0,bc583d11-794a-4a83-abc8-3daa208e1262
2162,0.0,Andrew Torres
2163,0.0,8634589
2164,0.0,7260903
2165,0.0,a2ac0390-407f-4a94-bc19-6d58d36ea69a
2166,0.0,su y CJSC Canal
2167,0.0,9b5a90cf-e801-46a8-bd50-879ab3862c67
2168,0.0,6548672
2169,0.0,Cheryl Conway
2170,0.0,3896
2171,0.0,76b8e150-91b4-494d-8ef6-6af706b397eb
2172,0.0,Lauren Smith
2173,0.0,Darrell Lopez
2174,0.0,James Valencia
2175,0.0,798
2176,0.0,cc3c9a3e-9226-43e0-9c2e-2cabec77b0fc
2177,0.0,Barry Harris
2178,0.0,Philip Murphy
2179,0.0,April Perry
2180,0.0,245484
2181,0.0,61679
2182,0.0,1983793
2183,0.0,73db3de8-b968-40da-875c-7e57c678aa36
2184,0.0,800578
2185,0.0,254340176
2186,0.0,AttorneysèŠ’
2187,0.0,4332001
2188,0.0,9345
2189,0.0,Eric Rogers
2190,0.0,402
2191,0.0,Jon White
2192,0.0,Emily Kennedy
2193,0.0,b1a0ee2a-0e6d-48c2-b639-032e4648fa5c
2194,0.0,Sean Wilson
2195,0.0,Kevin Burnett
2196,0.0,218148
2197,0.0,Rebecca Walker
2198,0.0,decfc924-5bdc-4fba-8bbd-bb57d8d478d9
2199,0.0,Amanda Scott
2200,0.0,22 Raptor
2201,0.0,Estrella del Mar Inc Merchants
2202,0.0,Gerald Washington
2203,0.0,Jessica Kelly
2204,0.0,60017
2205,0.0,Annette Barrett
2206,0.0,èŠ’è™è¹know
2207,0.0,0c0ae060-2543-4d7e-bed0-e7fab24ba6a5
2208,0.0,Olivia Garner
2209,0.0,Scott Johnson
2210,0.0,Melissa Bates
2211,0.0,Carlos Rose
2212,0.0,a03df7da-c2cf-476d-a6ea-95c422969df2
2213,0.0,Amber Green
2214,0.0,Rodney Compton
2215,0.0,381051499
2216,0.0,110727
2217,0.0,su y Worldwide Shark
2218,0.0,4205
2219,0.0,Mary Clements
2220,0.0,789040
2221,0.0,16306
2222,0.0,Sylvia Johnson
2223,0.0,Charles Fitzgerald
2224,0.0,6eda4eb1-cdb8-4d61-8c72-fae33deb91a7
2225,0.0,Covid
2226,0.0,5fddadd0-71e7-4bdf-a471-daddd5f376b8
2227,0.0,7ed038cd-64da-492f-a338-5c4636b91a2b
2228,0.0,80774
2229,0.0,4b0f0611-34ce-4733-81af-391943e272c0
2230,0.0,Seth Kelley
2231,0.0,èŠ’è™è¹FrontlineèŠ’
2232,0.0,71084
2233,0.0,Wanda Collins
2234,0.0,Miguel Harrison
2235,0.0,èŠ’è™èºèŠ’è™ç‚‰The
2236,0.0,24e1e725-9a8e-489c-bbdd-0ce140fd6e3b
2237,0.0,Zachary Sellers
2238,0.0,357987c8-3ecb-4e38-9f10-857007f2cd3b
2239,0.0,8350379
2240,0.0,Keith Compton
2241,0.0,04943c53-b4ac-4048-8d86-bced4138d7c6
2242,0.0,59022
2243,0.0,1039
2244,0.0,Tyler Anderson
2245,0.0,32
2246,0.0,6242224
2247,0.0,88295922
2248,0.0,7830
2249,0.0,e42f2b19-60d8-4df2-bb01-d2b42d134a26
2250,0.0,Paul Johnson
2251,0.0,6d0e9c69-47a0-497e-b26e-28755c949385
2252,0.0,54055
2253,0.0,Brett Blair
2254,0.0,b840c9bf-2a5b-416c-91d9-1ecdd96425ab
2255,0.0,4eddaaa4-6306-467e-a7f4-27a58559e535
2256,0.0,ea6a6547-c93b-4f17-b037-200fa894289c
2257,0.0,57c81b3c-882b-4824-91a0-7114be0fa5c7
2258,0.0,SurvivorsèŠ’
2259,0.0,Task Force
2260,0.0,8541598
2261,0.0,828063
2262,0.0,5362
2263,0.0,Dr. Christina Jensen DDS
2264,0.0,d025bbec-393d-4f51-94b3-01b77280ef31
2265,0.0,5276019
2266,0.0,5e6b70db-a04a-4440-8991-3a92b5c4ac4d
2267,0.0,Tshikele Ltd. Liability Co
2268,0.0,df76b4cf-1019-4768-93cd-27122ef3bacc
2269,0.0,111856
2270,0.0,88b35c10-45ae-4ded-ae4a-6cad038cfd91
2271,0.0,553828215
2272,0.0,663
2273,0.0,Lindsey Barr
2274,0.0,FilkinsèŠ’
2275,0.0,90be60b1-61d8-4115-b133-e4c8e09383eb
2276,0.0,81211950
2277,0.0,52134252
2278,0.0,679399
2279,0.0,3436524
2280,0.0,67716449
2281,0.0,e2844e89-d2d8-428d-8284-a0f2d9450a14
2282,0.0,4406
2283,0.0,ed114149-9468-41b4-adda-343883e79e04
2284,0.0,7682
2285,0.0,d6dbac2d-ba76-4503-be09-e0444b936bd0
2286,0.0,43223
2287,0.0,765078
2288,0.0,172279392
2289,0.0,Diane Hughes
2290,0.0,7f3d323d-54e3-49f8-9c28-7aa5cb4c7248
2291,0.0,Jason Hughes
2292,0.0,858773
2293,0.0,Amanda Rogers
2294,0.0,4852
2295,0.0,electric cars
2296,0.0,past years
2297,0.0,33
2298,0.0,14f1538d-29ed-43f4-ac8f-7a6ce01b9c00
2299,0.0,2e579f6f-eca3-498d-a523-b1da1e85a5cf
2300,0.0,06c85abe-f160-4a9f-bfb2-d58099a6be80
2301,0.0,GoliathèŠ’
2302,0.0,Joseph Hawkins
2303,0.0,b8649055-5b40-43e1-ba33-93182cf978d4
2304,0.0,Linda Jones
2305,0.0,estè„™
2306,0.0,maè„™å¤ana asè„™
2307,0.0,Caleb Webster
2308,0.0,739622
2309,0.0,7675191
2310,0.0,4356
2311,0.0,weeks 55
2312,0.0,Meghan Johnson
2313,0.0,Cody Baird
2314,0.0,Mark Norton
2315,0.0,Michael Johnson
2316,0.0,233
2317,0.0,Dutch Herring Inc Transportation
2318,0.0,8453714
2319,0.0,60-day
2320,0.0,29167335
2321,0.0,73
2322,0.0,b5856109-c5a0-43a6-8c70-ebfe73cc24f1
2323,0.0,092836e4-7218-4d3d-85da-9df420356be7
2324,0.0,3590dd7e-a6cd-416d-9b42-68f692ad83ee
2325,0.0,Luis Jones
2326,0.0,17232
2327,0.0,6070651
2328,0.0,c01c6a10-60c9-4f11-9409-aa04c3963826
2329,0.0,156
2330,0.0,1eb512b7-c4ce-4b7e-9965-2236bf1afc9e
2331,0.0,Timothy Benjamin
2332,0.0,51
2333,0.0,Anna Ortiz
2334,0.0,f810c631-9f7d-4219-ade0-b44c4c9abf62
2335,0.0,William Rivera
2336,0.0,Liibaan General Trading Co
2337,0.0,Christopher Garrett
2338,0.0,206e3508-bbef-4473-906a-88e3f17c57ae
2339,0.0,db83c37f-86e4-4694-a81c-ede2a01aef71
2340,0.0,626
2341,0.0,Matthew Fletcher
2342,0.0,Daniel Mcclain
2343,0.0,962534403
2344,0.0,Michele Taylor
2345,0.0,Michael Andrews
2346,0.0,Lisa Gomez
2347,0.0,431
2348,0.0,Brenda Andrews
2349,0.0,ee077c79-cc7b-4ac7-8c0b-d48f50538f61
2350,0.0,Mark Hernandez PhD
2351,0.0,RPG
2352,0.0,Sarah Garcia
2353,0.0,Jessica James
2354,0.0,26794528-86a5-4b5e-802f-50c3f226c66b
2355,0.0,5700
2356,0.0,93380783
2357,0.0,3129
2358,0.0,Jesse Thompson
2359,0.0,1bf22b98-519c-4131-8bb4-53ecdd193100
2360,0.0,8503254
2361,0.0,c18d0197-c30e-421f-bae3-2f8fa1e9159a
2362,0.0,Evelyn Pacheco
2363,0.0,Brianna Gregory
2364,0.0,914
2365,0.0,Brooke Collins
2366,0.0,Refugee BenefitsèŠ’
2367,0.0,Lori Weeks
2368,0.0,518323906
2369,0.0,Karen Burns
2370,0.0,Randall Newman
2371,0.0,f656719b-783e-452b-801f-f60895068b23
2372,0.0,Scott Edwards
2373,0.0,èŠ’è™è¹PerlaèŠ’
2374,0.0,èŠ’è™è¹EmanuelèŠ’è™èºèŠ’è™è¯if
2375,0.0,Gina Armstrong DDS
2376,0.0,èŠ’è™è¹RestrainèŠ’
2377,0.0,Walter Graham
2378,0.0,Ryan Jones
2379,0.0,Gabrielle Wade
2380,0.0,Patrick Cannon
2381,0.0,Jeanne Mills
2382,0.0,èŠ’è™è¹ExploitationèŠ’
2383,0.0,Austin Simpson
2384,0.0,Sarah Hays
2385,0.0,Richard Fleming
2386,0.0,Melissa Gomez
2387,0.0,Daniel Frank
2388,0.0,5890393d-3bb2-4f08-a460-4aa025e28de0
2389,0.0,b1d6e468-f3c5-45f3-90a2-e76b2f329b2d
2390,0.0,Feb
2391,0.0,164
2392,0.0,èŠ’è™è¹direct
2393,0.0,èŠ’è™èµdirectlyèŠ’
2394,0.0,èŠ’è™è¹criminally
2395,0.0,Terry Mcknight
2396,0.0,David Nielsen
2397,0.0,John Obrien
2398,0.0,Michael Hansen
2399,0.0,Grace Perez
2400,0.0,Travis Rivera
2401,0.0,Larry Morrow
2402,0.0,Tammy Martin
2403,0.0,773
2404,0.0,wgbh
2405,0.0,436460757
2406,0.0,93865
2407,0.0,brianbushard
2408,0.0,siladityaray
2409,0.0,82517
2410,0.0,Robert Shaffer
2411,0.0,Jim Sims
2412,0.0,Laura Patterson
2413,0.0,èŠ’è™èµPerlaèŠ’
2414,0.0,Gary Palmer
2415,0.0,7674777
2416,0.0,Jeremy Woodard
2417,0.0,8302
2418,0.0,45620
2419,0.0,Jammu & Kashmir ship
2420,0.0,6352
2421,0.0,Paul Wiley
2422,0.0,Miranda Long
2423,0.0,Michelle Kelley
2424,0.0,Marvin Everett
2425,0.0,Matthew Sutton
2426,0.0,912077
2427,0.0,Brandon Thomas
2428,0.0,MexicoèŠ’è™è¶èŠ’
2429,0.0,Joseph Williams
2430,0.0,176
2431,0.0,Scott Anderson
2432,0.0,Danielle Jensen
2433,0.0,Brian Brown
2434,0.0,èŠ’è™èµenticedèŠ’
2435,0.0,8814
2436,0.0,139
2437,0.0,25851337
2438,0.0,36506
2439,0.0,150486480
2440,0.0,90831
2441,0.0,66820
2442,0.0,Kristen Martin
2443,0.0,da71710a-9b0e-41d8-a9f6-a0b93f1ab772
2444,0.0,è„¨æ³è„©
2445,0.0,è„¨è‰™è„¨æ³ è„¨å¤è„¨é¸¥è„©è è„©
2446,0.0,è„¨æ‹¢è„¨æ½è„©è™è„¨æ³è„©è´è„¨è‰™è„¨å•ª
2447,0.0,Janet Floyd
2448,0.0,Richard Anderson
2449,0.0,èŠ’è™è¹CompromiseèŠ’
2450,0.0,èŠ’è™èµPartnersèŠ’
2451,0.0,413760
2452,0.0,94047
2453,0.0,49525439
2454,0.0,Angela Hernandez
2455,0.0,Randy Logan
2456,0.0,Elizabeth Martin
2457,0.0,èŠ’è™è¹theoriginaldragoncoveèŠ’
2458,0.0,Aaron Bennett
2459,0.0,Kathleen Rowe
2460,0.0,Patrick Torres
2461,0.0,Scott Jones
2462,0.0,5fd0447e-d890-4f62-a411-5fc17c47b969
2463,0.0,Scott Villa
2464,0.0,Connor Ray
2465,0.0,23837996
2466,0.0,82207154
2467,0.0,Brandon Calderon
2468,0.0,740111283
2469,0.0,3657479
2470,0.0,2810009
2471,0.0,129461
2472,0.0,Congo Rapids  Marine sanctuary GmbH & Co. KG Marine sanctuary
2473,0.0,èŠ’è™è¹originaldragoncoveèŠ’
2474,0.0,The DefendantsèŠ’
2475,0.0,86ac9e66-f9e8-4f2b-ad17-39a52c23288c
2476,0.0,7443
2477,0.0,5609469a-5721-4c94-92ed-ce7770055960
2478,0.0,775841
2479,0.0,Tiffany Stephens
2480,0.0,Veronica Lowe
2481,0.0,èŠ’è™è¹NinoèŠ’
2482,0.0,803490608
2483,0.0,f4e17264-3b3c-48a6-86ba-d65622dc2f13
2484,0.0,Brent Young
2485,0.0,9550
2486,0.0,Sierra Henderson
2487,0.0,Roger Jordan
2488,0.0,Matthew Everett
2489,0.0,Richard Adams
2490,0.0,Angel Burnett
2491,0.0,Jose Smith
2492,0.0,Emily Norton
2493,0.0,6ffd3349-37f4-48c5-bc9a-1b80e722e939
2494,0.0,2745
2495,0.0,a7479eba-319a-434f-be06-3b1c0cc928ae
2496,0.0,trucking
2497,0.0,f383ad5f-7949-495e-8427-556b64decaca
2498,0.0,Michelle Aguilar
2499,0.0,Danish Lobster Limited Liability Company Brothers
2500,0.0,John Hernandez
2501,0.0,TexasèŠ’
2502,0.0,Remarkable
2503,0.0,46901627
2504,0.0,46319064
2505,0.0,Pè„™
2506,0.0,82651
2507,0.0,2ec12718-97bf-45a6-aff5-2d1b9b11d29a
2508,0.0,èŠ’è™è¹commissionèŠ’
2509,0.0,Samantha Jackson
2510,0.0,Chelsey Woodard
2511,0.0,Nichole West
2512,0.0,Michael Alvarez
2513,0.0,Brian Marsh
2514,0.0,Timothy Hampton
2515,0.0,5007554
2516,0.0,72630
2517,0.0,9411155
2518,0.0,Richard Smith
2519,0.0,Jennifer Rivera
2520,0.0,2912063
2521,0.0,Elizabeth Shah
2522,0.0,Gregory Williams
2523,0.0,William Daniel
2524,0.0,Terry Conley
2525,0.0,Jeremy Jarvis
2526,0.0,Ashley Johnson
2527,0.0,Greek Sea Bream and Son's
2528,0.0,558
2529,0.0,Shane Hahn
2530,0.0,èŠ’è™è¹undeniableèŠ’
2531,0.0,èŠ’è™è¹requested
2532,0.0,Jeffrey Reed
2533,0.0,55674
2534,0.0,èŠ’è™è¹inconsistenciesèŠ’
2535,0.0,Timothy Austin
2536,0.0,17353795
2537,0.0,540613204
2538,0.0,Matthew Flores
2539,0.0,èŠ’è™è¹adjustingèŠ’
2540,0.0,Tammy Garcia
2541,0.0,Jamie Robinson
2542,0.0,352
2543,0.0,James Knight
2544,0.0,662290
2545,0.0,In month
2546,0.0,Lachlan Enterprises Coral Reef
2547,0.0,èŠ’è™è¹Desbloqueio pè„™
2548,0.0,Brian Dennis
2549,0.0,Frederick Kent
2550,0.0,Candice Brown
2551,0.0,èŠ’è™è¹KikoèŠ’
2552,0.0,309535101
2553,0.0,Nicholas Nguyen
2554,0.0,Vincent Cummings
2555,0.0,Tiffany Leonard
2556,0.0,tio MPFèŠ’è™è¶s Special Action Group Combat Organized Crime
2557,0.0,51354617
2558,0.0,109071721
2559,0.0,869882172
2560,0.0,296837
2561,0.0,Laura Williams
2562,0.0,Sean George
2563,0.0,Exportaè„™
2564,0.0,Parè„™éš†èŠ’è™è¶s
2565,0.0,Douglas Gordon
2566,0.0,James Thomas
2567,0.0,Kristi Miller
2568,0.0,èŠ’è™è¹illegalèŠ’
2569,0.0,Gambia River  GmbH & Co. KG and
2570,0.0,400
2571,0.0,2430986
2572,0.0,996592
2573,0.0,92533
2574,0.0,Olas del Sur Inc
2575,0.0,5508215
2576,0.0,327572963
2577,0.0,438
2578,0.0,HardwoodsèŠ’
2579,0.0,John Brown
2580,0.0,SeaSelect Foods Corp Dry dock
2581,0.0,Michael Flores
2582,0.0,Thomas Ramsey
2583,0.0,MeridaèŠ’è™è¶èŠ’
2584,0.0,meridaèŠ’
2585,0.0,8251198
2586,0.0,7914
2587,0.0,Deborah Bell
2588,0.0,Jonathan Coleman
2589,0.0,Luis Rogers
2590,0.0,èŠ’è™è¹BanderaèŠ’
2591,0.0,èŠ’è™è¹Padre
2592,0.0,8269
2593,0.0,Vanessa Chandler
2594,0.0,64545
2595,0.0,151159036
2596,0.0,3383
2597,0.0,MenardsèŠ’
2598,0.0,Jason Garcia
2599,0.0,Melissa Gonzalez
2600,0.0,Pregolya Delivery Cruise ship
2601,0.0,è„—æ‹¢103
2602,0.0,è„—æ‹¢10
2603,0.0,f64e747e-13de-4628-b939-92a8ff4eb03f
2604,0.0,Rachel Arnold
2605,0.0,èŠ’è™è¹tigerèŠ’
2606,0.0,Sharon Williams
2607,0.0,Donald Thomas
2608,0.0,Rebecca Anderson
2609,0.0,3328058
2610,0.0,Julie Callahan
2611,0.0,Nathan Murray
2612,0.0,Thomas Johnson
2613,0.0,176729
2614,0.0,958644
2615,0.0,Jonathan Moody
2616,0.0,Kaitlyn Walsh
2617,0.0,Alison Nash
2618,0.0,Miranda Smith
2619,0.0,èŠ’è™è¹miningèŠ’
2620,0.0,Jennifer Wilson MD
2621,0.0,6338
2622,0.0,0d6a2f35-fccd-4cbf-865e-3ed08abb6a95
2623,0.0,c40a73e5-c1dd-4b85-ac1c-2e6a51546aa7
2624,0.0,3641
2625,0.0,200
2626,0.0,Nicholas Torres
2627,0.0,75360
2628,0.0,7a58f899-3e43-4b94-a64b-d5ab31a6055b
2629,0.0,76104890
2630,0.0,68ac10aa-80a3-4b3c-99e5-f5708715ab2c
2631,0.0,Christopher Benitez
2632,0.0,èŠ’è™èµThis
2633,0.0,èŠ’è™èµSo
2634,0.0,PitèŠ’
2635,0.0,John Martin
2636,0.0,Christopher Fields
2637,0.0,David Romero
2638,0.0,a691bc0a-cfdc-4b2a-a38e-efcd2799ecd1
2639,0.0,28138
2640,0.0,èŠ’è™è¹snitch
2641,0.0,3868221
2642,0.0,79521144
2643,0.0,Eugene Martin
2644,0.0,Emma Jones
2645,0.0,èŠ’è™è¹brokerèŠ’
2646,0.0,Cassandra Stanley
2647,0.0,198
2648,0.0,9768
2649,0.0,Tyler Jones
2650,0.0,motor
2651,0.0,11353
2652,0.0,353257
2653,0.0,31368
2654,0.0,Colton Olson
2655,0.0,Tamara Tyler
2656,0.0,Henry Lambert
2657,0.0,Elizabeth Armstrong
2658,0.0,Melissa Brock
2659,0.0,51470600
2660,0.0,719
2661,0.0,Sudd Swamp  Wave AS Freight 
2662,0.0,74026296
2663,0.0,374585759
2664,0.0,59662085
2665,0.0,7423
2666,0.0,68273
2667,0.0,649
2668,0.0,Donna Green
2669,0.0,Dean Reyes
2670,0.0,96049794
2671,0.0,truck
2672,0.0,d6d0741c-39d9-4b94-8b39-b5d2ad1669b9
2673,0.0,291669
2674,0.0,Thomas Watkins
2675,0.0,Ancla del Mar Kga
2676,0.0,Joshua Park
2677,0.0,Sergio Ross
2678,0.0,PlattsèŠ’
2679,0.0,Patricia Hunter
2680,0.0,Deepwater Horizon
2681,0.0,455617
2682,0.0,Dale Chandler
2683,0.0,Marvin Evans
2684,0.0,Jack Bell
2685,0.0,83241316
2686,0.0,940161722
2687,0.0,148766
2688,0.0,567857349
2689,0.0,836
2690,0.0,507470
2691,0.0,98
2692,0.0,12358151
2693,0.0,8127
2694,0.0,18668050
2695,0.0,39033859
2696,0.0,62532
2697,0.0,649009867
2698,0.0,43454
2699,0.0,Carmen Mendez
2700,0.0,a51f21a5-b410-4000-ada4-086bd2e65cb6
2701,0.0,359755772
2702,0.0,7577
2703,0.0,dffd75ca-7510-403d-a6a0-f904b0c7b41d
2704,0.0,61208e37-a326-4cf5-a571-f8bdd6f2dbf7
2705,0.0,30 days
2706,0.0,9ce492a2-de6e-4231-a018-318fc929908b
2707,0.0,ffb63251-ebdc-4346-b3a4-ef1515310806
2708,0.0,675d95eb-69b7-4f8a-bd4e-af2cf4def162
2709,0.0,54056
2710,0.0,èŠ’è™è¹Duare RationèŠ’
2711,0.0,Robert Rodriguez
2712,0.0,Leslie Williams
2713,0.0,da243ebe-ea98-4510-a6a8-add6679f9d1a
2714,0.0,Bulk Carrier
2715,0.0,b400d237-4d56-4de8-917a-8e7654ccf315
2716,0.0,18404231
2717,0.0,2eeca6e0-f5a7-4b9d-8b3e-ada56d140e36
2718,0.0,Jose Parker
2719,0.0,4711730
2720,0.0,cd7cb49f-0021-4fe9-a3a9-cc8b3fce0c57
2721,0.0,959344
2722,0.0,James Limited Liability Company Logistics
2723,0.0,951187691
2724,0.0,Andrew Harrison
2725,0.0,18403617
2726,0.0,365
2727,0.0,404
2728,0.0,569767ed-015f-4cb9-a316-2db45fbf6cf3
2729,0.0,9a3fecdc-0696-4b53-979c-8ac021f24910
2730,0.0,899ccad6-2380-4e2c-aa57-d7f487964993
2731,0.0,Eddie Alexander
2732,0.0,David Schwartz
2733,0.0,33560
2734,0.0,David Santiago
2735,0.0,FridayèŠ’è™è¶s
2736,0.0,Hannah Little
2737,0.0,92616021
2738,0.0,Scott Dougherty
2739,0.0,Juan Mckinney
2740,0.0,0223707c-6754-4419-acb2-510377eadd60
2741,0.0,d37a5a00-fca1-4753-890c-6975c311dc3f
2742,0.0,Michelle Herring
2743,0.0,011ad1ae-ae1b-4c74-9f58-c020e6a3e836
2744,0.0,Bryan King
2745,0.0,6083f325-5f17-4d41-9c22-f188f55ea9f3
2746,0.0,c2478e4c-2a8c-4d34-a5d5-fd46c66b5e67
2747,0.0,Daniel Vasquez
2748,0.0,Kevin Daniel
2749,0.0,Lucas Williamson
2750,0.0,Daniel Butler
2751,0.0,2330
2752,0.0,386
2753,0.0,d09a6a69-eed5-4057-9f96-dcf4c9cf4d88
2754,0.0,Lisa Lewis
2755,0.0,3882e922-25e9-446d-8e04-97e8875fceb2
2756,0.0,ba790a77-b0f3-4c1f-8d42-3d2bddbc1893
2757,0.0,878521
2758,0.0,Robert Chang
2759,0.0,Manuel Hess
2760,0.0,Brandon Stone
2761,0.0,Seth Benjamin
2762,0.0,Tom Bauer
2763,0.0,Leslie Wood
2764,0.0,Donna Davis
2765,0.0,7810241
2766,0.0,34487
2767,0.0,83951569
2768,0.0,4524860
2769,0.0,three-hour
2770,0.0,59409
2771,0.0,Amanda Jenkins
2772,0.0,23
2773,0.0,Motor Vessel
2774,0.0,24996
2775,0.0,90411963
2776,0.0,114d2882-b620-4098-bb56-d865bbb85339
2777,0.0,Christopher Moore
2778,0.0,Sarah Williams
2779,0.0,Kenworth 18-wheeler
2780,0.0,èŠ’è™è¹satisfactoryèŠ’
2781,0.0,25777
2782,0.0,825
2783,0.0,63548588
2784,0.0,69007292
2785,0.0,David Seabed Inc Consulting
2786,0.0,28890617
2787,0.0,492220197
2788,0.0,662bfccd-798d-4e60-b308-2cb2918e3dd2
2789,0.0,14636
2790,0.0,Maria Jackson
2791,0.0,Deborah Carson
2792,0.0,d0842009-cbf1-4df2-adfa-121a82160a05
2793,0.0,3105981
2794,0.0,449856a6-3b60-46ca-b825-f9499558fa3a
2795,0.0,16778128-07fa-46dd-b229-b0c2e2233602
2796,0.0,Elizabeth Mccarty
2797,0.0,Gregory Bowers
2798,0.0,Nicole Marshall
2799,0.0,207618139
2800,0.0,Gina Knox
2801,0.0,3874
2802,0.0,Tonya Frazier
2803,0.0,80
2804,0.0,Charles Duke
2805,0.0,Dennis Payne
2806,0.0,Ashley Boyer
2807,26.0,Darin Taylor
2808,11.0,Larry Cisneros
2809,12.0,Teresa Hansen
2810,20.0,Ethan Walsh
2811,11.0,Michael Evans
2812,4.0,Alexandra Jackson
2813,4.0,Lauren Sanchez
2814,2.0,Crystal Hunter
2815,0.0,Christopher Berry
2816,0.0,James Patterson
2817,0.0,Jon Johnson
2818,0.0,Andrea White
2819,0.0,Emily Smith
2820,0.0,Megan Gonzales
2821,0.0,Kenneth Warren
2822,0.0,Edward Winters
2823,0.0,Emily Stevens
2824,0.0,Gabrielle Wright
2825,0.0,Erika Carter
2826,0.0,James Johnson
2827,0.0,Brandi Johnson
2828,0.0,Storm
2829,0.0,91810266
2830,0.0,HMS
2831,0.0,John Campbell
2832,0.0,Diane Forbes
2833,0.0,Dawn Robinson
2834,0.0,19285
2835,0.0,Kimberly Williams
2836,0.0,John Murray
2837,0.0,Nathaniel Shah
2838,0.0,Stephen Peterson
2839,0.0,Eric Roman
2840,0.0,Playa del Cielo  Marine
2841,0.0,99
2842,0.0,1f8c20da-5f20-4116-907a-a653089bb8a0
2843,0.0,8832615
2844,0.0,5199
2845,0.0,èŠ’è™è¹overwhelmedèŠ’
2846,0.0,14525ad3-213a-406d-8e3e-64213f0be171
2847,0.0,Rachel Campbell
2848,0.0,Gregory Marsh
2849,0.0,Sarah Allen
2850,0.0,Brittney Rice
2851,0.0,Ashley Long
2852,0.0,Jessica Hernandez
2853,0.0,419
2854,0.0,577a9358-a718-4d90-a90e-88f88c58160d
2855,0.0,17de5508-cf65-4e04-9bdd-acba951afe7a
2856,0.0,ca87f68d-1df8-4746-a8af-8d810f49e783
2857,0.0,33210
2858,0.0,88d63621-4f58-4c7e-a02d-589cefb3a6be
2859,0.0,Diane Young
2860,0.0,Traci Elliott
2861,0.0,hi xng BV Carriers
2862,0.0,Lucas Adams
2863,0.0,Rebecca Jordan
2864,0.0,Scott Day
2865,0.0,Colin Hunter
2866,0.0,b9faf7c4-f237-4112-91bd-71fa0cf8571a
2867,0.0,135338
2868,0.0,èŠ’è™è¹Stuff
2869,0.0,William Lopez
2870,0.0,Warren Schwartz
2871,0.0,72092
2872,0.0,b605391a-2c84-4d59-98f0-d12fd185ec64
2873,0.0,Amy Mcclure
2874,0.0,Jessica Mullins
2875,0.0,Randall Martinez
2876,0.0,Vessels
2877,0.0,511915273
2878,0.0,435
2879,0.0,b03a6fc7-507a-4328-9814-57561acb4fc6
2880,0.0,71608
2881,0.0,Martin Jones
2882,0.0,d4b66d04-ad3c-425a-a123-00e589b86a52
2883,0.0,95850
2884,0.0,Danny Walker
2885,0.0,Paul Hoover
2886,0.0,45310570
2887,0.0,Aaron Cruz
2888,0.0,598
2889,0.0,928896ee-0c39-4b2c-aee6-910dc225513e
2890,0.0,442
2891,0.0,18139144-efbe-4540-8e65-fde29def1993
2892,0.0,826749274
2893,0.0,Michael Wright
2894,0.0,753
2895,0.0,Chad Ruiz
2896,0.0,687878
2897,0.0,368951
2898,0.0,c0ce6d15-622b-42a3-b892-f5efe5b4d00c
2899,0.0,a086a63d-19c7-4241-845a-f82c628d09a2
2900,0.0,Brett Lee
2901,0.0,Noah Mitchell
2902,0.0,037acfda-0d33-4ce8-8907-fe7da3e27dff
2903,0.0,Ronnie Gates
2904,0.0,èŠ’è™èµexemplaryèŠ’
2905,0.0,b120bc86-764c-4e2b-9f36-1587f91a20e3
2906,0.0,4843b052-8f18-4298-9464-d780feb5ddad
2907,0.0,scooter
2908,0.0,7cc6a1fe-59b5-491c-8985-bf6d77836092
2909,0.0,8084530
2910,0.0,ce8495cf-fe04-40b3-aaa2-d0bc29131f92
2911,0.0,6071877
2912,0.0,93ac5fec-5f52-4431-a3ff-91430a8062f6
2913,0.0,422
2914,0.0,753589537
2915,0.0,Spanish Co & Son's
2916,0.0,Matthew Anderson
2917,0.0,332bb88e-0a63-41e3-8a27-87795fd552e9
2918,0.0,course years
2919,0.0,2ade0908-d1c9-45de-9dbb-3dfec75d9317
2920,0.0,Portuguese Sardines GmbH & Co. KG Line
2921,0.0,Lake Nyasa Ltd. Corporation
2922,0.0,Joshua Huang
2923,0.0,3740
2924,0.0,440
2925,0.0,601882545
2926,0.0,88651
2927,0.0,William Taylor
2928,0.0,4294544a-9643-4cfd-97a0-ac656cb17e60
2929,0.0,Hannah Ray
2930,0.0,c495290e-2de7-487d-a139-f273c4974539
2931,0.0,353361057
2932,0.0,Amstel Inc
2933,0.0,èŠ’è™è¹HelpèŠ’
2934,0.0,35829746
2935,0.0,Charlotte Lopez
2936,0.0,Mark Scott
2937,0.0,86034444
2938,0.0,Nicholas King
2939,0.0,James Andrews
2940,0.0,Joshua Wright
2941,0.0,Mary Harrington
2942,0.0,èŠ’è™è¹sleepy
2943,0.0,67745773
2944,0.0,214883455
2945,0.0,Brett Moss
2946,0.0,e69d4cb2-8bec-4496-8518-7426c6b9da65
2947,0.0,Kagera River  GmbH & Co. KG Delivery
2948,0.0,16
2949,0.0,Holly Donaldson
2950,0.0,c8026923-944a-4155-b2ec-e160135e0c47
2951,0.0,58cf758d-a6f2-48ba-ac0c-89581ae6b4a5
2952,0.0,313441257
2953,0.0,222079892
2954,0.0,2919
2955,0.0,Dana Montes
2956,0.0,1518
2957,0.0,9820523
2958,0.0,Bryce Chavez
2959,0.0,90c3cb48-8060-4a55-804c-710044d19487
2960,0.0,Brittany Rivers
2961,0.0,2ed68d75-994e-43dd-b326-a2adfa540562
2962,0.0,Michelle Evans
2963,0.0,05d471b4-0e8c-4879-80b2-ef600220e09d
2964,0.0,James Garcia
2965,0.0,Kendra Owens
2966,0.0,15
2967,0.0,805275
2968,0.0,fcef975b-e382-4c81-8160-41bf9e5bf937
2969,0.0,èŠ’è™è¹Public Loaders
2970,0.0,715490
2971,0.0,14952
2972,0.0,èŠ’è™è¹EQUIPMENTèŠ’
2973,0.0,353642
2974,0.0,Ronald Gray
2975,0.0,Debbie Ayala
2976,0.0,Terri Rodriguez
2977,0.0,6457
2978,0.0,6513816
2979,0.0,43797101
2980,0.0,535955126
2981,0.0,8211361
2982,0.0,Scania Seafaring SRL Express
2983,0.0,Estrella del Sol LLC
2984,0.0,73470062
2985,0.0,Kenneth Fox
2986,0.0,777
2987,0.0,èŠ’è™è¹shabuèŠ’
2988,0.0,Rebecca Coleman
2989,0.0,868626239
2990,0.0,573756802
2991,0.0,Margaret Hodges
2992,0.0,7680453
2993,0.0,64c45541-e00b-423c-bc7d-238aa3a4d3ad
2994,0.0,thirty days
2995,0.0,c2d2e029-6f38-4148-9079-15615103cea6
2996,0.0,186
2997,0.0,Kristin Johnston
2998,0.0,èŠ’è™è¹crisisèŠ’
2999,0.0,812137
3000,0.0,961bafd7-8d2b-405a-9c79-0f5345498cab
3001,0.0,5334
3002,0.0,35679
3003,0.0,Jason Neal
3004,0.0,Diana Dawson
3005,0.0,Courtney Johnson
3006,0.0,613556
3007,0.0,353
3008,0.0,Aicrowe Biotech Co
3009,0.0,0f952ad7-6ecb-472e-8a30-895501a0e8c8
3010,0.0,9507963
3011,0.0,979294
3012,0.0,25222883
3013,0.0,Gaosheng Biotechnology Co
3014,0.0,d2948905-9121-400b-905f-e449bf8ca35e
3015,0.0,AirPods
3016,0.0,5246016
3017,0.0,64863263
3018,0.0,Danish Lobster Ltd. Liability Co
3019,0.0,076
3020,0.0,vansèŠ’
3021,0.0,36868
3022,0.0,3127062
3023,0.0,3369
3024,0.0,30880
3025,0.0,èŠ’è™èµDisastrousèŠ’
3026,0.0,Lake Manyara  SRL Brothers
3027,0.0,8ce9074f-2904-41ea-896a-5d932e06f54c
3028,0.0,3d009ee1-0d95-4516-802f-8a5110bde01e
3029,0.0,64667049
3030,0.0,1303
3031,0.0,dbeb3e02-dc0c-4455-a16b-2d0b9cb2c65a
3032,0.0,601e76fd-8517-4269-b976-2743987a49f3
3033,0.0,67261634
3034,0.0,344
3035,0.0,ba0514a3-9c57-4b04-a7c5-89fc0463fdda
3036,0.0,60197861
3037,0.0,8978
3038,0.0,Sharon Townsend
3039,0.0,Travis Sparks
3040,0.0,Deborah Porter DDS
3041,0.0,d4291c4b-873e-4830-b44a-85227fde3ee2
3042,0.0,Amanda Clayton
3043,0.0,èŠ’è™è¹shark finèŠ’
3044,0.0,70720996
3045,0.0,95291001
3046,0.0,42627990
3047,0.0,Mar de Estrellas Oyj Carriers
3048,0.0,6d345854-f864-4194-85d2-047e66332dca
3049,0.0,Christopher Cunningham
3050,0.0,Erica Parks
3051,0.0,df26d11f-ed87-4a19-b9e8-18e9783c00f5
3052,0.0,2028
3053,0.0,bc507d7c-29c9-4b0d-909e-52dd450a25d3
3054,0.0,entire 2036
3055,0.0,Brenda Cox
3056,0.0,Suzanne Reed
3057,0.0,Cody Lewis
3058,0.0,1263250
3059,0.0,Chris Booth
3060,0.0,July 2036
3061,0.0,Lisa Henderson
3062,0.0,Karen Delgado
3063,0.0,13d79d632036
3064,0.0,2037/09
3065,0.0,Melissa Norman
3066,0.0,Jennifer Andrade
3067,0.0,Lori Cummings
3068,0.0,2032s
3069,0.0,Damon Nelson
3070,0.0,Laura Jimenez
3071,0.0,687028
3072,0.0,Susan Mendoza
3073,0.0,Alexis Smith
3074,0.0,Laura Smith
3075,0.0,Samantha Manning
3076,0.0,6ed1a821-e669-41f4-8a02-df4c818ff22e
3077,0.0,2038650116
3078,0.0,f1e84016-0f09-4907-a777-a6bb02b5f419
3079,0.0,e916e286-85e5-4a43-b2ef-89ad5260ebdc
3080,0.0,sectors sectors 2033
3081,0.0,yearbook2034
3082,0.0,20370602035941
3083,0.0,yearbook2036
3084,0.0,b8567859-bf54-49fd-8332-5775e19c65af
3085,0.0,2036-06
3086,0.0,Hannah Walter
3087,0.0,2035/03
3088,0.0,b8f8208c-0388-484e-a700-b4c265170827
3089,0.0,1aa47ffc-05a8-4edd-a8e0-94c10b650bd8
3090,0.0,Kelly Mccarthy
3091,0.0,Frederick Taylor
3092,0.0,ec4af8c8-1ff1-4aaa-9431-7697d930b3f4
3093,0.0,Ray Howard
3094,0.0,2036èŠ’è™è¶s
3095,0.0,faf.20363
3096,0.0,Joshua Landry
3097,0.0,Joy Anderson
3098,0.0,3eed159b-e98e-4f8a-98c2-c34341435411
3099,0.0,3190258
3100,0.0,David Frederick
3101,0.0,Curtis Grant
3102,0.0,4f533d76-17d7-4b95-86b5-106503c99b0c
3103,0.0,2030èŠ’
3104,0.0,Lindsay Bennett
3105,0.0,e631b105-4953-43e1-8d37-a3ab5dd3d860
3106,0.0,f514483d-fb5f-4cb2-bb8d-b616b10336d8
3107,0.0,Laura Ballard
3108,0.0,165e0fe7-6725-4f4c-abc1-3ef485a939b0
3109,0.0,e3431d4d-79df-4da9-b8cb-a4d05a8aa474
3110,0.0,39c767d3-a9b4-41f4-8a5d-e14b6c20a2d2
3111,0.0,Sarah Sandoval
3112,0.0,Raymond Howell
3113,0.0,Jason Huff
3114,0.0,FishEye International
3115,0.0,AquaFresh Foods CJSC -
3116,0.0,Ancla Azul Company Solutions
3117,0.0,èŠ’è™è¹pair
3118,0.0,Guessl
3119,0.0,Federated
3120,0.0,FinestSea Ltd. Corporation Enterprises
3121,0.0,Icelandic Shrimp Corporation Transport
3122,0.0,Lake Mweru A/S Carriers
3123,0.0,Playa de la Felicidad Oyj Cargo
3124,0.0,l y S.A. de C.V. International
3125,1677.0,SeaSpray Wave SRL Solutions
3126,121.0,Ocean Fisheries Llc
3127,108.0,Ancla del Mar Ltd. Corporation
3128,83.0,Tamil Nadu S.p.A.
3129,81.0,Fisherman'sFriend Charter Boat S.A. de C.V. Freight 
3130,81.0,FiTI
3131,79.0,Victoria
3132,68.0,Master
3133,60.0,Faurtil Fè„™éš†brica Urnas Tietè„™é™‹
3134,35.0,Turkish Mussels Ltd. Liability Co Marine biology
3135,35.0,Mar del Paraso SRL Shipping
3136,35.0,New Bedford Light
3137,37.0,Sonia Fisheries Pvt
3138,42.0,Pesquera
3139,36.0,DOFèŠ’è™è¶s
3140,21.0,Irish Sea Seaside GmbH & Co. KG Distribution
3141,15.0,Uttar Pradesh Sp
3142,0.0,Estrella de Coral Ltd. Corporation Logistics
3143,0.0,Gulf of Guinea  Corporation
3144,0.0,Seabreeze Foods Corporation Logistics
3145,0.0,èŠ’è™èµDo
3146,0.0,Dry Creek S.p.A. Overseas
3147,0.0,Meere Delpeuch
3148,0.0,Kerala Market Limited Liability Company
3149,0.0,Pasture Petfoods New Zealand Ltd
3150,0.0,Tanzania
3151,0.0,Reunion
3152,0.0,Ht Shipping
3153,0.0,Selena Building
3154,0.0,Playa de la Felicidad NV
3155,0.0,èŠ’è™è¹Illegal
3156,0.0,IMPORT
3157,0.0,Fishing International
3158,0.0,èŠ’è™è¹Virginia
3159,0.0,Electronic
3160,0.0,Fish Sea
3161,0.0,Sea Products
3162,0.0,W Appliance
3163,0.0,McLeanèŠ’è™è¶s
3164,0.0,American
3165,0.0,Finest Ltd. Liability Co United
3166,0.0,Ex-Lax
3167,0.0,Fishisland
3168,0.0,Jammu & Kashmir Limited Liability Company Delivery
3169,0.0,heèŠ’è™è¶s
3170,0.0,èŠ’è™è¹noncitizen
3171,0.0,èŠ’è™è¹Genev
3172,0.0,Oceanfront Oasis Inc Carriers
3173,0.0,Qingdao Kaiyuan Seafoods
3174,0.0,West Bengal SRL Marine conservation
3175,0.0,Platts Oilgram
3176,0.0,Kerala Market Corp Consulting
3177,0.0,Mar de la Vida OJSC
3178,0.0,America
3179,0.0,Portuguese Octopus S.p.A. Cargo
3180,0.0,Surf and Sand Ltd. Liability Co
3181,0.0,West Bengal S.A. de C.V.
3182,0.0,Partnership satellite
3183,0.0,Seafood
3184,0.0,Caribbean
3185,0.0,XUAR
3186,0.0,Fisheries Inc
3187,0.0,Getis-Ord
3188,0.0,World Church Power God
3189,0.0,Rama Overseas
3190,0.0,Estrella de Mar Limited Liability Company Delivery
3191,0.0,BergmanèŠ’è™è¶s
3192,0.0,Conduct Joint
3193,0.0,Seabreeze Foods Ltd. Corporation United
3194,0.0,Kilimanjaro fishery Ltd. Liability Co Transport
3195,0.0,Isa
3196,0.0,Barco de Plata Ltd Logistics
3197,0.0,Lake Malawi LC Forwading
3198,0.0,Water World LLC Express
3199,0.0,èŠ’è™è¹Trials
3200,0.0,BPèŠ’è™è¶s
3201,0.0,FLIP MCGYVER Tradema
3202,0.0,Shellfish Chile SA
3203,0.0,IPOS0000DOP
3204,0.0,TemuèŠ’è™è¶s
3205,0.0,Firearms Explosives
3206,0.0,IAVMs
3207,0.0,Cartel Emergent Weaponry Use
3208,0.0,Ejintex International
3209,0.0,Asia Seafood
3210,0.0,Andhra Pradesh  S.A. de C.V.
3211,0.0,AtlantoèŠ’è™è¯Scandian
3212,0.0,TrammellèŠ’è™è¶s
3213,0.0,Moo
3214,0.0,Eva
3215,0.0,Salles Operation Handroanthus
3216,0.0,Blue Water Ventures Ltd. Liability Co
3217,0.0,Mar de Cristalino Co
3218,0.0,SaltwaterSavor Shipyard LC Merchants
3219,0.0,OceanKings Sailor Corp Logistics
3220,0.0,Debit Cards Autopay
3221,0.0,Mar de la Costa Ges.m.b.H.
3222,0.0,èŠ’è™è¹suffered
3223,0.0,Orient
3224,0.0,OceanicHarvest Dry dock N.V. Delivery
3225,0.0,itèŠ’è™è¶s
3226,0.0,RafaelèŠ’è™è¶s
3227,0.0,Madhya Pradesh Market BV
3228,0.0,èŠ’è™è¹Compliance
3229,0.0,Blue Bay
3230,0.0,Innovative
3231,0.0,Lake Malawi SE Freight 
3232,0.0,Caspian Sea  Sea Corporation Freight 
3233,0.0,Yu gan BV Investment
3234,0.0,Thai Union Seafood
3235,0.0,Okavango Delta Seaside Limited Liability Company Logistics
3236,0.0,sh rn y Corporation
3237,0.0,Ocean Trawlers
3238,0.0,Belgian Scallop Limited Liability Company Krill
3239,0.0,Sea Harvest
3240,0.0,SMILE
3241,0.0,Haryana s Co Transit
3242,0.0,èŠ’è™å„
3243,0.0,DOFèŠ’è™è¶s Long Xing
3244,0.0,Insung
3245,0.0,Chuan gou Company Overseas
3246,0.0,Petroleum Vapor Intrusion
3247,0.0,Energotrade Plus
3248,0.0,Intrepid Navigators
3249,0.0,Blue Venturew
3250,0.0,The Salty Dog Tidepool Kga Transport
3251,0.0,Madhya Pradesh Market Ltd Solutions
3252,0.0,Scottish Trout Limited Liability Company Transit
3253,0.0,Gen International
3254,0.0,MeWe Vimeo
3255,0.0,Four
3256,0.0,II
3257,0.0,Bloomberg
3258,0.0,Ntaco
3259,0.0,SVBèŠ’è™è¶s
3260,0.0,United Bankx
3261,0.0,Golden Titana
3262,0.0,Sea Breezes GmbH & Co. KG Lighthouse
3263,0.0,Mar de Plata Corp and Son's
3264,0.0,Rs
3265,0.0,Irish Sea SRL Brothers
3266,0.0,Barco de Plata Plc
3267,0.0,Thomas Corp Cargo ship
3268,0.0,Blue Lagoon Sailor Limited Liability Company Worldwide
3269,0.0,Amorim Flooring
3270,0.0,Edward Ferry SE Transportation
3271,0.0,è„—æ‹¢1
3272,0.0,Stock SA
3273,0.0,Forwading S.A. de C.V.
3274,0.0,OceanicOrigin Foods River AG Marine ecology
3275,0.0,Ware
3276,0.0,Arctic
3277,0.0,Niger River Delta Ges.m.b.H. Services
3278,0.0,ROBYN BECK
3279,0.0,Bay of Bengal's Incorporated
3280,0.0,Aqua Ambassadors Limited Liability Company
3281,0.0,Sea Luxe Oceanography Kga Transportation
3282,0.0,MongabayèŠ’è™è¶s
3283,0.0,Fresh Atlantic
3284,0.0,SunèŠ’è™è¶s
3285,0.0,Costa del Mar S.p.A.
3286,0.0,OJSC Ltd. Liability Co
3287,0.0,Mount Kenya Estuary Sp Holdings
3288,0.0,èŠ’è™è¹Pokè„™æ¼mon
3289,0.0,Ryabikova
3290,0.0,èŠ’è™è¹bracatinga
3291,0.0,I6aE01vDFm
3292,0.0,Puerta
3293,0.0,Next Day
3294,0.0,Seaside Sojourns A/S Shipping
3295,0.0,Food
3296,0.0,Guaranteed Income Program New Parents 2035
3297,0.0,Image ArtTower
3298,0.0,Nile Crocodile Deep-sea Oyj Brothers
3299,0.0,VyoummBnVY
3300,0.0,Blue Water Ventures Kga
3301,0.0,Bloomberg Law
3302,0.0,èŠ’è™è¹Cinder
3303,0.0,Kariba Dam  N.V. Brothers
3304,0.0,Mitsubishi
3305,0.0,Tuna Vietnam
3306,0.0,Estrella del Mar Plc
3307,0.0,Marine Foods
3308,0.0,Agua Transiciè„™é²n Ecolè„™é²gica
3309,0.0,Arunachal Pradesh Sp Marine mist
3310,0.0,Chuan gou Corporation Transportation
3311,0.0,Nautical Navigators Kga United
3312,0.0,3 Ltd. Liability Co
3313,0.0,Lf Beauty
3314,0.0,Playa de Coral Oyj International
3315,0.0,Metro Marinen
3316,0.0,Surf and Sea International Tidepool
3317,0.0,The Salty Dog CJSC
3318,0.0,Paul S.A. de C.V.
3319,0.0,Comei&Co
3320,0.0,Rickard shrimp
3321,0.0,Hudsons Bay
3322,0.0,Group Co Marine life
3323,0.0,STL
3324,0.0,Odisha Sea Dry dock LLC Consultants
3325,0.0,USINC
3326,0.0,The Ashey
3327,0.0,Green
3328,0.0,Dark Web Vendor Illegal Narcotics
3329,0.0,Heroin Cocaine Exchange Bitcoin
3330,0.0,Farmers
3331,0.0,FiTIèŠ’è™è¶s
3332,0.0,Jharkhand s GmbH & Co. KG
3333,0.0,Phillips
3334,0.0,6 Ray LLC Enterprises
3335,0.0,Prod
3336,0.0,PinduoduoèŠ’è™è¶s
3337,0.0,AuraèŠ’è™è¶s
3338,0.0,McGovern BBB
3339,0.0,Rose
3340,0.0,drayage companies
3341,0.0,Savaneta Corporation Marine life
3342,0.0,Michael Limited Liability Company
3343,0.0,Irtysh - Inc Distribution
3344,0.0,East
3345,0.0,Fresh On Time Seafood
3346,0.0,MAT
3347,0.0,Faroe Islands Halibut A/S
3348,0.0,Teion Internationala
3349,0.0,Single Seafood
3350,0.0,èŠ’è™è¹US
3351,0.0,Welding
3352,0.0,Basketball
3353,0.0,Ocean Packers
3354,0.0,Improvised Anti
3355,0.0,Orange River  AS Logistics
3356,0.0,Ste
3357,0.0,French Ltd. Corporation Surfboard
3358,0.0,Andhra Pradesh  Investment Dry dock
3359,0.0,Uber Connect
3360,0.0,Pb Brasil Industries
3361,0.0,Deep Sea Atlantic NV
3362,0.0,Supreme GmbH & Co. KG Consulting
3363,0.0,gu y LC Shipping
3364,0.0,Ningbo China Base Landhau Foreign
3365,0.0,Estrella del Mar Pic
3366,0.0,ArtemovèŠ’è™è¶s Ava Petroleum
3367,0.0,Spanish Red Snapper GmbH Shipping
3368,0.0,Officer Pleads Guilty
3369,0.0,Bribes Exchange Smuggling Contraband
3370,0.0,Sp
3371,0.0,Memphis Women
3372,0.0,One Hongn
3373,0.0,Evergreen
3374,0.0,Himachal Pradesh Aquatic Plc Brothers
3375,0.0,Lake Tanganyika Sea AS Shipping
3376,0.0,Nagaland Sea Ltd. Liability Co &
3377,0.0,Estrella de la Costa  Consultants
3378,0.0,Kores De Venezuela C A
3379,0.0,CP World
3380,0.0,Tombow
3381,0.0,Gelita Gelatine
3382,0.0,Yale
3383,0.0,Faroe Islands Plc Investment
3384,0.0,East Ltd. Corporation Investment
3385,0.0,Logistics
3386,0.0,Dispenseroo
3387,0.0,80 Percent Arms
3388,0.0,CM Nationali
3389,0.0,Anthony Sailboat Co Shipping
3390,0.0,MV
3391,0.0,Costa de Coral Charter Boat Oyj Overseas
3392,0.0,Warner
3393,0.0,Alpha Brokersa
3394,0.0,ViktorèŠ’è™è¶s
3395,0.0,Sea Seekers Merchants Cruise ship
3396,0.0,NFTs
3397,0.0,Cargo Systemsi
3398,0.0,Ocano del Este Corp Freight 
3399,0.0,Ronald
3400,0.0,C Express
3401,0.0,Znamensk Eel LLC United
3402,0.0,Sisdof/Sinaflor
3403,0.0,Spanish Shrimp Sp Brothers
3404,0.0,Tajima Industrues Ltd
3405,0.0,ZerzaèŠ’è™è¶s
3406,0.0,Indè„™æ½stria Madeireira Uliana
3407,0.0,Sms
3408,0.0,Semas 260 Rural
3409,0.0,Dolphin Dreams S.A. de C.V. Seafood
3410,0.0,All
3411,0.0,Cab Incorportated
3412,0.0,Sikkim S.A. de C.V.
3413,0.0,Yeezy
3414,0.0,Kagera River  Company Solutions
3415,0.0,Marmooska Shipyard Sagl United
3416,0.0,Leo
3417,0.0,W&O Supply
3418,0.0,Greek Sea Bream Limited Liability Company Transit
3419,0.0,David S.A. de C.V. Brothers
3420,0.0,Haryana s Ltd. Corporation Carriers
3421,0.0,Coral Reef Sagl Transport
3422,0.0,Felbab-Brown
3423,0.0,OzonActionèŠ’è™è¶s
3424,0.0,èŠ’è™è¹Entirely
3425,0.0,Ocano del Este SE
3426,0.0,Norwegian Shrimp N.V. -
3427,0.0,Malabar Sea Catch Sp
